LOCATION,TIME,M1,CPI,c_m1,c_cpi
AUS,1962-01-01,0.5005282,7.244021,1.8766639256840834,-0.31950231449628885
AUS,1963-01-01,0.5179471,7.290457,3.48010361853738,0.6410251985741058
AUS,1964-01-01,0.5573969,7.49942,7.616569336907182,2.866253789028586
AUS,1965-01-01,0.560913,7.754818,0.6308072398680405,3.405570030749051
AUS,1966-01-01,0.571988,8.010216,1.9744594972839027,3.293410625497588
AUS,1967-01-01,0.6111571,8.288832,6.847888417239514,3.478258264196615
AUS,1968-01-01,0.6545874,8.497794,7.106241586655875,2.5210065784902076
AUS,1969-01-01,0.7068845,8.77641,7.989322739789978,3.2786862096209854
AUS,1970-01-01,0.7509372,9.078245,6.231951613028712,3.4391624821538707
AUS,1971-01-01,0.7872288,9.635477,4.832840882033808,6.138102683943857
AUS,1972-01-01,0.8713926,10.21593,10.691148494567273,6.024123144085138
AUS,1973-01-01,1.072686,11.14465,23.100196168753335,9.090900192150887
AUS,1974-01-01,1.11813,12.86278,4.236468081060072,15.416634887591808
AUS,1975-01-01,1.304861,14.8131,16.700294241277845,15.162507638317685
AUS,1976-01-01,1.497212,16.78663,14.741110355815673,13.322869622158754
AUS,1977-01-01,1.62396,18.85303,8.465601397798046,12.309796546418202
AUS,1978-01-01,1.762286,20.3622,8.517820635976253,8.00492016402669
AUS,1979-01-01,2.043204,22.21964,15.940545405229331,9.122000569683024
AUS,1980-01-01,2.338137,24.47179,14.434828827664804,10.135852786093746
AUS,1981-01-01,2.581884,26.79359,10.424838236596056,9.487659055590129
AUS,1982-01-01,2.638555,29.83515,2.194947565421225,11.351819595657025
AUS,1983-01-01,2.799427,32.83028,6.096973532861732,10.038930590260158
AUS,1984-01-01,3.101673,34.13049,10.796709469473567,3.960398753833351
AUS,1985-01-01,3.442918,36.42907,11.001965713342454,6.734682098030239
AUS,1986-01-01,3.701289,39.72603,7.504419216490196,9.050354565735546
AUS,1987-01-01,4.353311,43.11586,17.61607915512676,8.533019785767658
AUS,1988-01-01,5.154017,46.22707,18.393034635016885,7.2159293587093005
AUS,1989-01-01,5.946802,49.70977,15.38188562435864,7.5338973462951495
AUS,1990-01-01,6.172877,53.355,3.8016231244961545,7.333025278531761
AUS,1991-01-01,6.692057,55.04992,8.410664913621321,3.1766844719332834
AUS,1992-01-01,7.869352,55.60715,17.59242337595152,1.012226720765438
AUS,1993-01-01,9.28369,56.58231,17.972737780696555,1.7536593765370145
AUS,1994-01-01,10.76079,57.69677,15.910699301678536,1.969626195890555
AUS,1995-01-01,11.26047,60.36684,4.6435252430351275,4.627763391260903
AUS,1996-01-01,12.62545,61.94567,12.121874131363976,2.615392821621931
AUS,1997-01-01,14.42004,62.08498,14.21406761739185,0.2248906178591689
AUS,1998-01-01,15.87886,62.61899,10.11661548789046,0.8601275219867913
AUS,1999-01-01,17.13415,63.54771,7.905416383795829,1.4831283609013906
AUS,2000-01-01,18.76786,66.38031,9.534817892921428,4.457438356157904
AUS,2001-01-01,21.59654,69.30578,15.071936811122859,4.407135188130343
AUS,2002-01-01,28.34892,71.37218,31.266026872823137,2.981569502572515
AUS,2003-01-01,32.18549,73.32249,13.533390337268585,2.732591326200211
AUS,2004-01-01,34.84903,75.04063,8.275592510786685,2.343264665452566
AUS,2005-01-01,38.08964,77.0606,9.29899627048444,2.6918350765445345
AUS,2006-01-01,42.13522,79.80032,10.621208286557694,3.555279870647264
AUS,2007-01-01,47.79257,81.65777,13.426653521685664,2.327622245123829
AUS,2008-01-01,51.46949,85.21012,7.693497127273136,4.350290241822676
AUS,2009-01-01,59.50946,86.71929,15.620846447089326,1.7711159190950527
AUS,2010-01-01,61.22422,89.25006,2.881491446906098,2.9183472327783173
AUS,2011-01-01,64.81643,92.19875,5.867302188578302,3.303852120659638
AUS,2012-01-01,67.81207,93.82401,4.621729397931989,1.762778779538765
AUS,2013-01-01,77.31635,96.12259,14.015616983820127,2.4498846297445622
AUS,2014-01-01,87.21124,98.51405,12.797926958528182,2.487927135546384
AUS,2015-01-01,100.0,100.0,14.664118982828358,1.5083635278419703
AUS,2016-01-01,109.8242,101.277,9.824200000000005,1.277000000000001
AUS,2017-01-01,120.1572,103.2505,9.408673133972291,1.9486161714900732
AUS,2018-01-01,126.9303,105.2241,5.636865705925238,1.9114677410763188
AUS,2019-01-01,140.429,106.919,10.634734180885099,1.6107526697781114
AUS,2020-01-01,181.7513,107.8245,29.4257596365423,0.8469027955742231
BRA,1996-01-01,7.429666,30.64846,26.364642161935993,15.757699595753053
BRA,1997-01-01,11.62576,32.77139,56.47755901813082,6.92671018380694
BRA,1998-01-01,13.62255,33.81846,17.17556529637633,3.1950735077151293
BRA,1999-01-01,14.89298,35.46151,9.325933837644195,4.858441218198567
BRA,2000-01-01,17.82255,37.95947,19.670811348702543,7.044144482285177
BRA,2001-01-01,21.1325,40.55603,18.571697091605863,6.840348403178433
BRA,2002-01-01,26.05783,43.98309,23.306896959659287,8.450186075905352
BRA,2003-01-01,28.38583,50.45516,8.93397493191106,14.714905205614254
BRA,2004-01-01,33.22066,53.78378,17.032547577435658,6.597184509968853
BRA,2005-01-01,37.70884,57.47848,13.510207202385502,6.86954319685228
BRA,2006-01-01,43.27507,59.88313,14.761074591528132,4.183565744953596
BRA,2007-01-01,53.22269,62.06364,22.98695299626321,3.641275931969485
BRA,2008-01-01,60.58054,65.58797,13.824648848075883,5.678574443909508
BRA,2009-01-01,64.66553,68.79394,6.743072940584558,4.888045780346621
BRA,2010-01-01,75.99152,72.26028,17.51472538769881,5.038728701975767
BRA,2011-01-01,81.38863,77.05579,7.102252988228176,6.636439825586073
BRA,2012-01-01,85.97665,81.21951,5.6371756104016,5.4035134802978435
BRA,2013-01-01,95.8047,86.25861,11.43106878437342,6.2042974649810185
BRA,2014-01-01,100.8415,91.71796,5.257362112714721,6.329049355189007
BRA,2015-01-01,100.0,100.0,-0.8344778687345947,9.029899923635453
BRA,2016-01-01,99.79171,108.7391,-0.2082900000000052,8.739099999999993
BRA,2017-01-01,104.0729,112.4867,4.290125903243876,3.4464143992363425
BRA,2018-01-01,112.5664,116.6092,8.161106301448308,3.6648777144320195
BRA,2019-01-01,118.8619,120.9622,5.592699064729799,3.7329816172308825
BRA,2020-01-01,158.9014,124.8472,33.6857310879264,3.21174714084235
CAN,1956-01-01,1.123932,11.31815,1.046578638144156,1.3561738417134424
CAN,1957-01-01,1.105941,11.69344,-1.600719616489242,3.315824582639402
CAN,1958-01-01,1.211773,11.96998,9.569407409617686,2.3649157134256376
CAN,1959-01-01,1.241405,12.11483,2.445342485762606,1.2101106267512554
CAN,1960-01-01,1.256222,12.27943,1.193566966461377,1.3586653712846164
CAN,1961-01-01,1.322896,12.40453,5.307501381125321,1.0187769301995269
CAN,1962-01-01,1.367345,12.53621,3.3599768991666736,1.0615476765343075
CAN,1963-01-01,1.444602,12.74032,5.650146817372346,1.6281635358692939
CAN,1964-01-01,1.520801,12.98393,5.274740032202651,1.9121183769324501
CAN,1965-01-01,1.618166,13.28681,6.402218304696007,2.332729766719308
CAN,1966-01-01,1.727173,13.79378,6.736453491174581,3.8155885423213007
CAN,1967-01-01,1.896504,14.2876,9.803939732730878,3.580019400048424
CAN,1968-01-01,1.985402,14.867,4.687467044625264,4.055264705058943
CAN,1969-01-01,2.1251,15.54517,7.036257644547569,4.561579336786169
CAN,1970-01-01,2.179074,16.06532,2.539833419603771,3.346055398557875
CAN,1971-01-01,2.457412,16.49987,12.77322385563777,2.7048947671132697
CAN,1972-01-01,2.832056,17.32289,15.245469624141167,4.988039299703571
CAN,1973-01-01,3.247974,18.61996,14.686079653792156,7.4876074373271315
CAN,1974-01-01,3.549594,20.66763,9.286404386242001,10.997177222722284
CAN,1975-01-01,4.007338,22.87332,12.895672012066731,10.672196086343721
CAN,1976-01-01,4.317805,24.59837,7.7474622804465225,7.541756072139941
CAN,1977-01-01,4.68593,26.56044,8.52574398334339,7.976422828016656
CAN,1978-01-01,5.147991,28.9439,9.860603978292469,8.973721820873447
CAN,1979-01-01,5.464259,31.59073,6.143522783936491,9.144690245613068
CAN,1980-01-01,5.890877,34.79062,7.8074264049343105,10.12920562456137
CAN,1981-01-01,6.228596,39.12958,5.732915489493329,12.4716374700997
CAN,1982-01-01,6.454452,43.34343,3.626114135513048,10.768963019792192
CAN,1983-01-01,7.379283,45.88491,14.328575067255906,5.863587630236001
CAN,1984-01-01,8.068004,47.86015,9.333169631792142,4.304770348247386
CAN,1985-01-01,10.01189,49.75639,24.093765942604875,3.962043579052732
CAN,1986-01-01,11.96299,51.84356,19.487828971353064,4.1947777963795065
CAN,1987-01-01,13.53057,54.10192,13.103580292217925,4.356105174876115
CAN,1988-01-01,13.92444,56.28127,2.910963839660855,4.028230421397243
CAN,1989-01-01,14.83461,59.08612,6.536492670441318,4.983629544962297
CAN,1990-01-01,15.61477,61.91072,5.259052984877934,4.780479747189352
CAN,1991-01-01,16.37168,65.39373,4.8473976882144365,5.625859301910893
CAN,1992-01-01,17.06002,66.36819,4.2044554987637195,1.4901428623202766
CAN,1993-01-01,17.93621,67.606,5.135925983674096,1.8650651765552082
CAN,1994-01-01,19.43674,67.71793,8.365925688871847,0.16556222820459868
CAN,1995-01-01,19.58873,69.17303,0.7819726970675196,2.14876621302512
CAN,1996-01-01,21.19347,70.25941,8.192159471287825,1.5705253911820916
CAN,1997-01-01,23.55707,71.39848,11.152491781666702,1.6212347926064334
CAN,1998-01-01,25.1198,72.10956,6.6338046285043175,0.9959315660501392
CAN,1999-01-01,26.5228,73.36055,5.58523555123846,1.7348462533955298
CAN,2000-01-01,29.28147,75.35555,10.401126577887698,2.719445260429468
CAN,2001-01-01,32.19206,77.25836,9.940040578563847,2.5251092985188253
CAN,2002-01-01,35.36032,79.00316,9.841743585219472,2.2583963728973773
CAN,2003-01-01,36.72045,81.18251,3.8464866833784255,2.7585605436542027
CAN,2004-01-01,39.72519,82.69028,8.182742858543396,1.8572596486607866
CAN,2005-01-01,42.2633,84.52068,6.389170196542807,2.21356125532529
CAN,2006-01-01,45.79271,86.2128,8.351004299238342,2.0020189141876314
CAN,2007-01-01,49.89303,88.05636,8.954088980538614,2.138383163520958
CAN,2008-01-01,54.16786,90.14353,8.56799035857312,2.370266043247757
CAN,2009-01-01,60.81124,90.41348,12.264431343604864,0.2994668613487941
CAN,2010-01-01,67.57454,92.02002,11.12179261597034,1.7768810580015229
CAN,2011-01-01,72.78296,94.69976,7.707666230506346,2.9121271653711824
CAN,2012-01-01,79.78663,96.13511,9.622678165328807,1.5156849394338483
CAN,2013-01-01,86.26994,97.03713,8.125810051132632,0.938283630195053
CAN,2014-01-01,92.77506,98.88728,7.540424857140263,1.906641303179514
CAN,2015-01-01,100.0,100.0,7.787588604092527,1.125240779198291
CAN,2016-01-01,108.7236,101.4288,8.723600000000005,1.4287999999999954
CAN,2017-01-01,119.0497,103.0485,9.497569984805503,1.5968837253324586
CAN,2018-01-01,124.8116,105.3858,4.839911398348755,2.2681552861031444
CAN,2019-01-01,131.7898,107.4401,5.590986735207316,1.9493138544282036
CAN,2020-01-01,160.6559,108.2104,21.903136661562566,0.7169576349984838
CHE,1957-01-01,2.248544,23.85998,3.917739984739616,1.964375685621255
CHE,1958-01-01,2.317524,24.29939,3.0677629612762867,1.8416193140145076
CHE,1959-01-01,2.552826,24.14155,10.153163462384851,-0.6495636310211911
CHE,1960-01-01,2.732359,24.4889,7.032715899947751,1.4388057104867016
CHE,1961-01-01,3.129877,24.94082,14.548527481198473,1.845407511158107
CHE,1962-01-01,3.460516,26.01727,10.563961459188336,4.316016875146853
CHE,1963-01-01,3.729504,26.91232,7.773060433761895,3.440214903408395
CHE,1964-01-01,3.949703,27.74136,5.904243566972982,3.0805222292243815
CHE,1965-01-01,4.129901,28.68859,4.562317723636443,3.414504552047921
CHE,1966-01-01,4.242529,30.05875,2.727135589933026,4.775975396490376
CHE,1967-01-01,4.365112,31.26266,2.889385081398375,4.005189836570052
CHE,1968-01-01,4.769732,32.01166,9.269407062178484,2.395829401592823
CHE,1969-01-01,5.036306,32.80844,5.588867466767512,2.4890305594898807
CHE,1970-01-01,5.283204,33.99479,4.902362962059888,3.615990275672981
CHE,1971-01-01,6.122916,36.22934,15.893991600551493,6.573213130600302
CHE,1972-01-01,7.228775,38.64222,18.060985974656514,6.660016439714334
CHE,1973-01-01,7.410441,42.02522,2.5130952339780928,8.754672997565862
CHE,1974-01-01,7.422025,46.12999,0.1563199814963784,9.767396815531251
CHE,1975-01-01,7.603266,49.21913,2.4419346472155508,6.6965980265766385
CHE,1976-01-01,8.051217,50.06347,5.891560284751313,1.7154711999175982
CHE,1977-01-01,8.434819,50.7123,4.764521935006842,1.2960148387636667
CHE,1978-01-01,9.717493,51.23402,15.206894184688494,1.02878394393471
CHE,1979-01-01,10.61535,53.10286,9.239595027235938,3.6476544296153195
CHE,1980-01-01,9.720675,55.23891,-8.428125309104264,4.022476378861699
CHE,1981-01-01,9.44206,58.82409,-2.8662104226301186,6.490316336799553
CHE,1982-01-01,9.73195,62.15065,3.070198664274531,5.655098106915043
CHE,1983-01-01,10.48448,63.98397,7.732571581235006,2.9498002032158963
CHE,1984-01-01,10.95095,65.85963,4.449147692589437,2.9314529873654234
CHE,1985-01-01,16.22055,68.12218,48.12002611645564,3.435412558497527
CHE,1986-01-01,17.31267,68.6333,6.732940621618881,0.7502989481546324
CHE,1987-01-01,18.93914,69.62184,9.39468031216443,1.4403212434780206
CHE,1988-01-01,21.58627,70.92549,13.97703380406925,1.8724727757841366
CHE,1989-01-01,20.7774,73.16338,-3.7471503877233023,3.1552690013139246
CHE,1990-01-01,19.68894,77.1171,-5.238672788703116,5.403960287236579
CHE,1991-01-01,20.06469,81.63585,1.9084318404139586,5.859595342667205
CHE,1992-01-01,20.45031,84.93152,1.9218836672782036,4.037037649513052
CHE,1993-01-01,22.54121,87.72799,10.224294888439331,3.292617393401177
CHE,1994-01-01,23.864,88.47553,5.868318515288226,0.8521111677128368
CHE,1995-01-01,25.42654,90.06794,6.547686892390205,1.799830981515439
CHE,1996-01-01,28.40117,90.79897,11.698917745001882,0.811642855382286
CHE,1997-01-01,31.26771,91.27132,10.093034899618575,0.5202151522203455
CHE,1998-01-01,33.80055,91.2877,8.100497286177978,0.01794649184431436
CHE,1999-01-01,36.68758,92.02388,8.541369888951499,0.8064394217402832
CHE,2000-01-01,36.11212,93.4581,-1.5685417244746034,1.5585302423675205
CHE,2001-01-01,36.31071,94.38242,0.549926174370275,0.9890207483353444
CHE,2002-01-01,39.45184,94.98903,8.650698375217662,0.642715031040742
CHE,2003-01-01,47.91298,95.59531,21.44675634900679,0.6382631762846701
CHE,2004-01-01,51.00859,96.36285,6.460900574332886,0.8029054981881399
CHE,2005-01-01,50.0443,97.49219,-1.8904462954180823,1.171966167459762
CHE,2006-01-01,49.92408,98.52512,-0.24022715873736533,1.0595002533023492
CHE,2007-01-01,47.49578,99.24667,-4.863985475546055,0.7323513028961481
CHE,2008-01-01,47.74064,101.6544,0.5155405385488893,2.426005829717008
CHE,2009-01-01,66.0532,101.166,38.35843005037219,-0.4804514118424767
CHE,2010-01-01,73.38894,101.8623,11.105805623346031,0.6882747168020955
CHE,2011-01-01,79.60745,102.0979,8.47336124489602,0.23129263721709692
CHE,2012-01-01,88.70335,101.3908,11.42594066258874,-0.6925705621761045
CHE,2013-01-01,96.3786,101.1705,8.65271717471776,-0.21727809623752314
CHE,2014-01-01,99.98701,101.1571,3.743995036242477,-0.01324496765361869
CHE,2015-01-01,100.0,100.0,0.012991687620223923,-1.1438643456564095
CHE,2016-01-01,101.8678,99.56538,1.8678000000000026,-0.43461999999999534
CHE,2017-01-01,108.4538,100.0968,6.465242206074931,0.5337397396564921
CHE,2018-01-01,114.8118,101.0341,5.862404083582137,0.9363935710232428
CHL,1988-01-01,1.53585,17.1735,36.450379983901534,14.68435174809578
CHL,1989-01-01,1.933088,20.0978,25.86437477618257,17.02797915392901
CHL,1990-01-01,2.237172,25.33056,15.730478902150356,26.036481604951778
CHL,1991-01-01,3.187984,30.84867,42.500621320130946,21.784397976199504
CHL,1992-01-01,4.486569,35.60733,40.733736430295764,15.42581900613543
CHL,1993-01-01,5.348976,40.13934,19.221971176638544,12.727744540239327
CHL,1994-01-01,6.301456,44.73254,17.806772735566575,11.443137829371393
CHL,1995-01-01,7.725108,48.4152,22.592429432182016,8.232619922767629
CHL,1996-01-01,9.001027,51.97813,16.516519898492046,7.3591144929691525
CHL,1997-01-01,10.50269,55.1664,16.68324070131107,6.133868224963082
CHL,1998-01-01,10.95566,57.98554,4.3128950773563774,5.110248267061105
CHL,1999-01-01,11.40218,59.92045,4.075701509539358,3.3368836437498075
CHL,2000-01-01,12.36449,62.22335,8.43970188157002,3.8432621917892824
CHL,2001-01-01,14.09823,64.44417,14.02192892711304,3.569110309875627
CHL,2002-01-01,16.0871,66.04844,14.107231900742153,2.4893950841480303
CHL,2003-01-01,19.17568,67.90452,19.199109845777055,2.8101799224932575
CHL,2004-01-01,23.21,68.62074,21.038732394366203,1.0547456929229346
CHL,2005-01-01,26.54047,70.71543,14.349289099526057,3.052561077015491
CHL,2006-01-01,29.6802,73.11411,11.82997136071818,3.3920178382567974
CHL,2007-01-01,34.95083,76.33684,17.758067668007644,4.4078085611655515
CHL,2008-01-01,39.29296,82.99056,12.423539011806005,8.716263340216871
CHL,2009-01-01,44.21159,83.28355,12.517840345955104,0.35304015300053787
CHL,2010-01-01,56.96434,84.45845,28.844811959940817,1.4107227657802697
CHL,2011-01-01,63.57011,87.28039,11.596324999113481,3.3412168942243174
CHL,2012-01-01,70.21555,89.9053,10.453717950149834,3.0074453150358287
CHL,2013-01-01,78.50416,91.51421,11.804521932819734,1.7895607934126339
CHL,2014-01-01,87.90522,95.83247,11.975238000126364,4.718677022945393
CHL,2015-01-01,100.0,100.0,13.75888712865971,4.348766133232295
CHL,2016-01-01,106.5007,103.7862,6.500699999999995,3.786199999999994
CHL,2017-01-01,115.2313,106.0516,8.197692597325661,2.1827564743674976
CHL,2018-01-01,127.9612,108.6338,11.047258861090693,2.434852468043858
CHN,1994-01-01,5.122027,55.19324,24.300196253492444,24.256989523762797
CHN,1995-01-01,6.204933,64.46086,21.14213767322975,16.79122298310444
CHN,1996-01-01,7.205846,69.81959,16.130923573227957,8.31315312889094
CHN,1997-01-01,8.899397,71.76509,23.50245897567059,2.7864672364876326
CHN,1998-01-01,9.948993,71.21021,11.79401256062629,-0.7731893041588844
CHN,1999-01-01,11.23344,70.21222,12.910321677781864,-1.4014703790369407
CHN,2000-01-01,13.46167,70.45643,19.835687020182597,0.34781694696449617
CHN,2001-01-01,15.35531,70.9631,14.066902546266544,0.719125280687653
CHN,2002-01-01,17.80031,70.44366,15.922830603875795,-0.7319860603609524
CHN,2003-01-01,21.1738,71.23799,18.951860950736254,1.1276103484685525
CHN,2004-01-01,24.69593,73.96259,16.63437833549009,3.824644687476457
CHN,2005-01-01,27.59899,75.27647,11.75521634536541,1.7764115615745708
CHN,2006-01-01,31.54037,76.5181,14.280884916440778,1.6494264409582444
CHN,2007-01-01,38.11909,80.2038,20.858093928511305,4.816768842927355
CHN,2008-01-01,43.49681,84.95608,14.107682003951311,5.92525541183834
CHN,2009-01-01,53.21697,84.33746,22.346834170137992,-0.7281644821653813
CHN,2010-01-01,67.41136,87.01545,26.67267602796626,3.175326835785674
CHN,2011-01-01,75.97614,91.8482,12.705247305498656,5.553898761656699
CHN,2012-01-01,79.69953,94.25418,4.900735941573229,2.6195178566373643
CHN,2013-01-01,87.8646,96.72463,10.244815747345061,2.621050864799842
CHN,2014-01-01,92.47799,98.58334,5.250567350218415,1.9216511864661585
CHN,2015-01-01,100.0,100.0,8.1338381165075,1.4370176543014195
CHN,2016-01-01,122.5037,102.0,22.503699999999995,2.0
CHN,2017-01-01,141.7993,103.625,15.751034458551043,1.5931372549019607
CHN,2018-01-01,150.3794,105.775,6.050876132674856,2.0747889022919233
COL,1984-01-01,0.4310766,2.112573,22.417680219483437,16.362637895288806
COL,1985-01-01,0.5338518,2.619045,23.841516797710664,23.97417746037652
COL,1986-01-01,0.713186,3.112856,33.59250638473074,18.854620672802493
COL,1987-01-01,0.9156452,3.838474,28.387994155802282,23.310361931293976
COL,1988-01-01,1.166308,4.918623,27.37553803591171,28.140062952100234
COL,1989-01-01,1.463333,6.190648,25.46711503307875,25.86140470615455
COL,1990-01-01,1.878636,7.994468,28.38062149900262,29.13782208259943
COL,1991-01-01,2.376347,10.42066,26.493211031833738,30.348385908855967
COL,1992-01-01,3.268882,13.23743,37.559119101713684,27.030629537860367
COL,1993-01-01,4.378398,16.20808,33.94175745713671,22.441289585667306
COL,1994-01-01,5.779864,19.91117,32.00864791186183,22.8471848608842
COL,1995-01-01,6.75376,24.07204,16.8498082307819,20.897164757269426
COL,1996-01-01,7.721913,29.07832,14.335022269076783,20.79707411586222
COL,1997-01-01,9.313699,34.44692,20.613881560178157,18.462552169451317
COL,1998-01-01,9.892225,40.88204,6.211559982773763,18.681263811104174
COL,1999-01-01,10.41907,45.32731,5.325849341275596,10.873405534557456
COL,2000-01-01,13.94206,49.50765,33.812902687092034,9.222563615621578
COL,2001-01-01,15.70789,53.45326,12.665488457229428,7.969697612389201
COL,2002-01-01,18.86261,56.84858,20.08366496072992,6.351941864724431
COL,2003-01-01,21.88685,60.9023,16.03298801173326,7.1307322012264835
COL,2004-01-01,25.16684,64.49631,14.986121803731471,5.90127138055541
COL,2005-01-01,29.82516,67.75428,18.509753310308326,5.051405266440825
COL,2006-01-01,35.99417,70.66261,20.68391250876775,4.292466837519352
COL,2007-01-01,40.91986,74.58094,13.684688381479566,5.545124925331795
COL,2008-01-01,44.23141,79.80053,8.092769623356475,6.998557540304528
COL,2009-01-01,48.56758,83.15298,9.80337276157374,4.201037261281353
COL,2010-01-01,55.48858,85.04154,14.250246769552856,2.271187394606902
COL,2011-01-01,64.81559,87.94791,16.808882115923677,3.4175886278635073
COL,2012-01-01,69.13538,90.73351,6.664739146862657,3.167329388498263
COL,2013-01-01,78.80053,92.5646,13.980034535139602,2.0180967318469256
COL,2014-01-01,90.57152,95.24696,14.937704099198331,2.897824870414827
COL,2015-01-01,100.0,100.0,10.409983182351352,4.990227509623403
COL,2016-01-01,104.3965,107.5143,4.396500000000003,7.514300000000005
COL,2017-01-01,105.2077,112.1505,0.7770375443621189,4.312170567078042
COL,2018-01-01,112.2002,115.7844,6.64637664353464,3.240199553278863
COL,2019-01-01,124.5861,119.8664,11.039106882162427,3.5255181181575352
COL,2020-01-01,154.7321,122.8925,24.196920844299644,2.5245606775543434
CRI,2003-01-01,17.35774,40.8703,20.748739660064736,9.447584311110568
CRI,2004-01-01,22.59781,45.9034,30.18866511423722,12.314810510321669
CRI,2005-01-01,28.22389,52.23729,24.896571835943405,13.798302522253262
CRI,2006-01-01,33.93626,58.22922,20.239485060351342,11.470598876779396
CRI,2007-01-01,43.30312,63.67787,27.601332615909953,9.357243665637288
CRI,2008-01-01,56.3746,72.22629,30.18600045447072,13.424475410374134
CRI,2009-01-01,59.60394,77.89078,5.7283599351481,7.8426982751017675
CRI,2010-01-01,64.48623,82.30154,8.191220244836172,5.662749814548007
CRI,2011-01-01,70.91505,86.31621,9.969291118429448,4.878001067780743
CRI,2012-01-01,74.56104,90.19652,5.141348698195957,4.495459195903074
CRI,2013-01-01,81.51852,94.915,9.331253963195778,5.231332650084504
CRI,2014-01-01,94.10937,99.2044,15.445385907398716,4.5192013907180115
CRI,2015-01-01,100.0,100.0,6.259344845258236,0.8019805573139832
CRI,2016-01-01,113.197,99.98252,13.197000000000003,-0.017480000000006157
CRI,2017-01-01,120.0659,101.6081,6.068093677394274,1.6258642010623452
CRI,2018-01-01,125.8508,103.865,4.8181040578549,2.221181185358256
CRI,2019-01-01,132.9405,106.042,5.6334167124881045,2.0959899870023655
CRI,2020-01-01,171.4691,106.8107,28.981837739439836,0.7249014541408079
CZE,1993-01-01,11.9376,43.55226,8.516434818416586,20.813053235430353
CZE,1994-01-01,14.73015,47.92465,23.39289304382791,10.039410124755875
CZE,1995-01-01,16.39544,52.23333,11.305315967590285,8.990529925622832
CZE,1996-01-01,17.86234,56.80833,8.946999897532477,8.758775287732938
CZE,1997-01-01,17.05099,61.69167,-4.542238027044614,8.596168906919116
CZE,1998-01-01,16.15363,68.29166,-5.262802922293656,10.698348739789328
CZE,1999-01-01,17.59025,69.75,8.893480908006445,2.135458414687836
CZE,2000-01-01,20.24264,72.38333,15.078751012634841,3.775383512544804
CZE,2001-01-01,22.77059,75.75833,12.48824264028801,4.662675784603996
CZE,2002-01-01,26.15493,77.2,14.862768158400824,1.9029854538768238
CZE,2003-01-01,30.58028,77.29166,16.91975470781225,0.11873056994817396
CZE,2004-01-01,34.36931,79.425,12.390435927990197,2.760116680117886
CZE,2005-01-01,37.16971,80.9,8.147966892556187,1.8570978910922362
CZE,2006-01-01,42.87322,82.95,15.344510355340413,2.5339925834363375
CZE,2007-01-01,49.12443,85.31667,14.580686964963192,2.8531283905967437
CZE,2008-01-01,54.49995,90.74167,10.942661319429053,6.358663553089915
CZE,2009-01-01,58.73868,91.66666,7.77749337384714,1.0193662955508687
CZE,2010-01-01,64.93914,93.01667,10.556008408769133,1.472738288926434
CZE,2011-01-01,70.77641,94.8,8.988831696878036,1.9172154840632245
CZE,2012-01-01,76.29673,97.91666,7.799660932223036,3.28761603375527
CZE,2013-01-01,82.58218,99.325,8.238164335483313,1.4383047787782077
CZE,2014-01-01,89.84076,99.66666,8.78952335721824,0.3439818776742918
CZE,2015-01-01,100.0,99.975,11.308052158062774,0.3093712581519248
CZE,2016-01-01,112.1539,100.6583,12.153899999999995,0.683470867716932
CZE,2017-01-01,125.5799,103.125,11.971050494008681,2.450567911439
CZE,2018-01-01,132.361,105.3417,5.399829112779987,2.149527272727276
DNK,1972-01-01,2.458257,15.34591,9.265919131226749,6.562307303442561
DNK,1973-01-01,2.785486,16.7736,13.31142350047208,9.303390936086542
DNK,1974-01-01,2.926311,19.3358,5.055670715989955,15.27519435303096
DNK,1975-01-01,3.343133,21.19313,14.243940579111372,9.605653761416653
DNK,1976-01-01,3.958755,23.10269,18.41452314341069,9.010278330760954
DNK,1977-01-01,4.192763,25.62602,5.911151359455188,10.922234596923568
DNK,1978-01-01,4.64562,28.24337,10.800920538556552,10.21364222770449
DNK,1979-01-01,5.279994,30.95786,13.655314037738778,9.611069783811214
DNK,1980-01-01,5.591837,34.76733,5.906124135747117,12.30534022700536
DNK,1981-01-01,6.292265,38.85853,12.525901595486431,11.76736896390951
DNK,1982-01-01,6.960825,42.79134,10.625108764490996,10.120840906745562
DNK,1983-01-01,8.389185,45.74746,20.51998146771395,6.908220214650905
DNK,1984-01-01,10.09611,48.62533,20.346732131905544,6.290775487863155
DNK,1985-01-01,12.04214,50.90039,19.27504751830161,4.67875487940134
DNK,1986-01-01,14.62891,52.7726,21.480982616046646,3.6781839981972544
DNK,1987-01-01,15.72458,54.89405,7.489758293680118,4.019983855258227
DNK,1988-01-01,17.53651,57.38357,11.522915079448866,4.535136321696065
DNK,1989-01-01,18.43726,60.12233,5.13642680328069,4.77272501519163
DNK,1990-01-01,19.42961,61.71053,5.382307349356694,2.641614188937788
DNK,1991-01-01,21.66655,63.18859,11.513046324656031,2.395150390054986
DNK,1992-01-01,24.68352,64.51305,13.924551901433318,2.0960429723151113
DNK,1993-01-01,26.02157,65.32453,5.420823286143949,1.2578540310836162
DNK,1994-01-01,28.75609,66.6258,10.508666464014278,1.9920082088612079
DNK,1995-01-01,27.97752,68.01402,-2.707496046924328,2.083607251245019
DNK,1996-01-01,30.26742,69.46021,8.184785499215096,2.1263116045779995
DNK,1997-01-01,32.50535,70.97594,7.393857818076329,2.1821557982620416
DNK,1998-01-01,35.27741,72.28591,8.528011542715287,1.8456536116323463
DNK,1999-01-01,37.8182,74.09146,7.202314455624701,2.4977896798975023
DNK,2000-01-01,38.01241,76.24255,0.513535810800105,2.90329006878795
DNK,2001-01-01,39.04982,78.025,2.729135037741606,2.3378677654407043
DNK,2002-01-01,41.73394,79.91666,6.873578418543288,2.42442806792693
DNK,2003-01-01,45.07611,81.575,8.008278154423003,2.075086721592231
DNK,2004-01-01,48.98291,82.51667,8.667118790862826,1.1543610174685897
DNK,2005-01-01,57.59829,84.01667,17.58854261619002,1.8178145094803266
DNK,2006-01-01,65.30829,85.63333,13.385814058021516,1.9242133733698275
DNK,2007-01-01,71.47885,87.08334,9.448356403145748,1.693277605810735
DNK,2008-01-01,75.54026,90.05833,5.681974458178901,3.416256197798558
DNK,2009-01-01,76.29906,91.23333,1.0044974692964965,1.3047099585346489
DNK,2010-01-01,80.10409,93.34167,4.986994597312211,2.310931761451652
DNK,2011-01-01,77.74493,95.91666,-2.9451180332989275,2.7586714486681028
DNK,2012-01-01,80.743,98.21667,3.856290050039274,2.3979254490304402
DNK,2013-01-01,85.55224,98.99167,5.956231499944272,0.7890717532980966
DNK,2014-01-01,88.99193,99.55,4.020572693362557,0.5640171541706469
DNK,2015-01-01,100.0,100.0,12.369739593241773,0.45203415369161515
DNK,2016-01-01,106.2364,100.25,6.236400000000003,0.25
DNK,2017-01-01,112.123,101.4,5.54103866471379,1.1471321695760655
DNK,2018-01-01,118.4329,102.225,5.627658910303862,0.81360946745561
DNK,2019-01-01,124.0356,103.0,4.730695609074842,0.7581315725116221
DNK,2020-01-01,135.3047,103.4333,9.085375488972515,0.42067961165048806
EA19,1991-01-01,17.01512,61.51399,7.673118992670181,4.31545620425578
EA19,1992-01-01,17.65553,63.83337,3.7637701056472084,3.770491883228518
EA19,1993-01-01,18.53609,65.99258,4.987445859739146,3.3825724695406203
EA19,1994-01-01,19.93174,67.86114,7.52936568607511,2.83146984100334
EA19,1995-01-01,20.51755,69.59326,2.9390810837387935,2.5524475421426676
EA19,1996-01-01,21.85942,71.23,6.540108346269414,2.3518656835446468
EA19,1997-01-01,23.75375,72.44,8.665966434608054,1.6987224484065615
EA19,1998-01-01,25.99231,73.33,9.424027785086563,1.228602981778024
EA19,1999-01-01,29.31835,74.19,12.796246274378843,1.1727805809354963
EA19,2000-01-01,31.76884,75.81,8.358212518780908,2.1835826930853277
EA19,2001-01-01,34.03704,77.64,7.139700410842814,2.413929560743963
EA19,2002-01-01,36.66444,79.4,7.719237630534269,2.2668727460072193
EA19,2003-01-01,40.59911,81.08,10.731569880789136,2.1158690176322326
EA19,2004-01-01,44.41516,82.85,9.399343975766948,2.183029107054756
EA19,2005-01-01,50.41,84.67,13.4972833600059,2.196741098370558
EA19,2006-01-01,56.12431,86.53,11.335667526284478,2.196763906932797
EA19,2007-01-01,59.88838,88.41,6.706665970592773,2.1726568820062355
EA19,2008-01-01,61.39625,91.37,2.5178006150775896,3.348037552313096
EA19,2009-01-01,67.67278,91.65,10.222985931551197,0.3064463171719395
EA19,2010-01-01,73.49225,93.13,8.59942505686924,1.614839061647561
EA19,2011-01-01,75.09701,95.67,2.1835771799067234,2.7273703425319513
EA19,2012-01-01,78.20531,98.06,4.139046281602956,2.498170795442668
EA19,2013-01-01,83.2767,99.38,6.484713122420982,1.3461146236997688
EA19,2014-01-01,88.37497,99.81,6.122084568672869,0.4326826323203933
EA19,2015-01-01,100.0,100.0,13.15421097172649,0.19036168720568852
EA19,2016-01-01,109.1287,100.23,9.128699999999995,0.23000000000000398
EA19,2017-01-01,118.3539,101.78,8.4535048983448,1.546443180684423
EA19,2018-01-01,126.8895,103.56,7.211929644903972,1.7488701120062893
EA19,2019-01-01,136.573,104.8,7.631443106009567,1.1973735032831159
EA19,2020-01-01,152.5933,105.06,11.730210217246448,0.24809160305344
GBR,1988-01-01,8.597446,48.2,16.659169766855232,4.209389092995638
GBR,1989-01-01,10.4793,51.0,21.888523638299105,5.809128630705388
GBR,1990-01-01,12.2116,55.1,16.530684301432352,8.039215686274511
GBR,1991-01-01,12.77575,59.2,4.619787742801924,7.441016333938296
GBR,1992-01-01,13.28361,61.9,3.9751873666907938,4.5608108108108025
GBR,1993-01-01,14.1223,63.5,6.3137204419581705,2.584814216478193
GBR,1994-01-01,15.37109,64.9,8.84268143291108,2.204724409448828
GBR,1995-01-01,16.66219,66.6,8.399534450712332,2.6194144838212456
GBR,1996-01-01,18.62292,68.5,11.767540761448535,2.8528528528528616
GBR,1997-01-01,21.78662,70.0,16.988205931185867,2.18978102189781
GBR,1998-01-01,24.74255,71.3,13.567639220769454,1.857142857142853
GBR,1999-01-01,26.80008,72.6,8.315755651701219,1.8232819074333761
GBR,2000-01-01,30.33768,73.4,13.199960597132536,1.1019283746556632
GBR,2001-01-01,34.26038,74.6,12.930125177666845,1.6348773841961697
GBR,2002-01-01,36.65823,75.7,6.998900771094791,1.4745308310992074
GBR,2003-01-01,39.9923,76.7,9.095010861135403,1.321003963011889
GBR,2004-01-01,44.80339,77.8,12.0300407828507,1.434159061277698
GBR,2005-01-01,50.22086,79.4,12.091651993297832,2.05655526992289
GBR,2006-01-01,55.66219,81.4,10.834800519146825,2.5188916876574305
GBR,2007-01-01,61.83136,83.3,11.08323262164136,2.3341523341523236
GBR,2008-01-01,70.69884,86.2,14.341395693059328,3.481392557022816
GBR,2009-01-01,72.7267,87.9,2.868307315933316,1.972157772621813
GBR,2010-01-01,77.29461,90.1,6.280925712290001,2.502844141069384
GBR,2011-01-01,76.69476,93.6,-0.7760567004607482,3.88457269700333
GBR,2012-01-01,78.17626,96.0,1.9316834683360335,2.5641025641025705
GBR,2013-01-01,85.85974,98.2,9.828405707819744,2.2916666666666696
GBR,2014-01-01,93.50996,99.6,8.910136462095045,1.4256619144602765
GBR,2015-01-01,100.0,100.0,6.940479923208173,0.40160642570281696
GBR,2016-01-01,110.142,101.0,10.141999999999996,1.0
GBR,2017-01-01,117.5704,103.6,6.744384521799142,2.5742574257425686
GBR,2018-01-01,122.6551,106.0,4.324813048182193,2.316602316602322
GBR,2019-01-01,125.5868,107.8,2.3901982061895444,1.6981132075471672
GBR,2020-01-01,142.2082,108.9,13.234989664518888,1.0204081632653141
HUN,1991-01-01,5.487337,11.17109,21.779207682604337,34.81748435087067
HUN,1992-01-01,6.636146,13.8137,20.935637814845343,23.655793660242658
HUN,1993-01-01,8.019406,16.91684,20.844327415340167,22.464220303032494
HUN,1994-01-01,8.757132,20.10872,9.199259895308959,18.86806282970106
HUN,1995-01-01,9.003819,25.80059,2.81698391665216,28.305481403092774
HUN,1996-01-01,10.18511,31.85574,13.119888349599208,23.469036948379866
HUN,1997-01-01,12.20476,37.68695,19.82943728639161,18.305052715774305
HUN,1998-01-01,14.84364,43.02109,21.621727915993436,14.1538118632577
HUN,1999-01-01,17.62087,47.32222,18.70989865019631,9.99772437193014
HUN,2000-01-01,20.53272,51.96151,16.525006994546814,9.803618680611338
HUN,2001-01-01,23.18316,56.69874,12.90837258775262,9.116805881892201
HUN,2002-01-01,27.43054,59.68419,18.320970911644483,5.265460925586706
HUN,2003-01-01,31.98979,62.46608,16.621072716760217,4.661016594176778
HUN,2004-01-01,33.859,66.679,5.843145578636191,6.7443322840171875
HUN,2005-01-01,38.78947,69.05379,14.561770873327621,3.561526117668238
HUN,2006-01-01,47.33622,71.76783,22.03368594621168,3.9303273578466826
HUN,2007-01-01,50.32715,77.47964,6.31848085884341,7.958733042367312
HUN,2008-01-01,54.23833,82.16136,7.771511003504062,6.04251645980802
HUN,2009-01-01,52.25383,85.62177,-3.6588515907477186,4.211724343413979
HUN,2010-01-01,53.99377,89.77917,3.3297846301409812,4.855540827992689
HUN,2011-01-01,57.92849,93.30743,7.28735926385581,3.9299316311344863
HUN,2012-01-01,60.56378,98.5813,4.549212313319413,5.6521436717311815
HUN,2013-01-01,67.8096,100.2899,11.96394941002692,1.7331887487789308
HUN,2014-01-01,82.35428,100.0617,21.449293315400766,-0.22754036049492626
HUN,2015-01-01,100.0,100.0,21.426597379031175,-0.06166195457402969
HUN,2016-01-01,119.6802,100.3948,19.6802,0.3948000000000036
HUN,2017-01-01,149.691,102.7523,25.07582707916598,2.348229191153328
HUN,2018-01-01,180.1349,105.681,20.337829261612246,2.8502525004306394
HUN,2019-01-01,199.3331,109.2092,10.657679328103558,3.3385376747002757
HUN,2020-01-01,229.8944,112.8423,15.331773799735211,3.3267343776897906
IDN,1992-01-01,2.719018,11.25164,10.698114113977182,7.523544223960403
IDN,1993-01-01,3.201228,12.33988,17.73471157601751,9.671834505903146
IDN,1994-01-01,4.039343,13.39272,26.181046773300736,8.532011656515296
IDN,1995-01-01,4.738038,14.65436,17.297243635908135,9.42034179763334
IDN,1996-01-01,5.640711,15.82279,19.05162010097849,7.973258470516617
IDN,1997-01-01,6.699654,16.80794,18.77321848256364,6.226145957824119
IDN,1998-01-01,9.973317,26.63236,48.863165172410405,58.451065389333856
IDN,1999-01-01,10.84558,32.08609,8.745966863381563,20.477832231165397
IDN,2000-01-01,13.25959,33.26962,22.258007409470025,3.6886077424828163
IDN,2001-01-01,15.97713,37.09566,20.494902180233336,11.500101293612607
IDN,2002-01-01,17.55188,41.51009,9.85627581424198,11.900125243761657
IDN,2003-01-01,19.68133,44.31506,12.132318589233737,6.757320930886935
IDN,2004-01-01,22.44134,47.00235,14.023493330989323,6.064055876264179
IDN,2005-01-01,25.71301,51.9156,14.578764013200638,10.453200744218105
IDN,2006-01-01,30.08963,58.72105,17.021033321264213,13.108680242547521
IDN,2007-01-01,37.11485,62.48305,23.347645019230868,6.4065611905781665
IDN,2008-01-01,43.83781,68.87299,18.11393552715423,10.226677474931206
IDN,2009-01-01,46.94918,71.89404,7.097457651283221,4.386407501692612
IDN,2010-01-01,53.0934,75.58522,13.086959133258569,5.1341947121068765
IDN,2011-01-01,63.01925,79.63361,18.695073210606207,5.3560603514814105
IDN,2012-01-01,75.37464,83.04153,19.60573951610024,4.279499573107373
IDN,2013-01-01,84.15767,88.36657,11.652500098176253,6.412502274464357
IDN,2014-01-01,90.37074,94.01755,7.382654486513235,6.3949296662753845
IDN,2015-01-01,100.0,100.0,10.655285106661738,6.363120502501927
IDN,2016-01-01,111.8954,103.5258,11.895399999999995,3.525800000000004
IDN,2017-01-01,127.7443,107.4689,14.164031765380884,3.8088090118598465
IDN,2018-01-01,139.1863,110.9061,8.956955417971677,3.1983206304335394
IND,1958-01-01,0.1015941,1.598252,2.402485702633731,4.775172068380255
IND,1959-01-01,0.1071471,1.671093,5.46586858882552,4.557541614213524
IND,1960-01-01,0.115041,1.700837,7.367348253009189,1.7799129073007902
IND,1961-01-01,0.1200949,1.729669,4.393129406037847,1.6951653803392077
IND,1962-01-01,0.1296028,1.792495,7.916988981214011,3.6322556512257576
IND,1963-01-01,0.1434401,1.845304,10.676698342937033,2.9461170045104788
IND,1964-01-01,0.1616819,2.09175,12.717364251698097,13.355306225966029
IND,1965-01-01,0.1767181,2.289938,9.299865971391974,9.474746026054719
IND,1966-01-01,0.1941487,2.537294,9.863505775582704,10.801864504628526
IND,1967-01-01,0.2101407,2.86872,8.23698536225069,13.062183570370639
IND,1968-01-01,0.2279426,2.961592,8.471419387105868,3.2374020469059315
IND,1969-01-01,0.2498981,2.944293,9.632030168998694,-0.5841115183995619
IND,1970-01-01,0.2841169,3.094223,13.693101308093176,5.092224177417122
IND,1971-01-01,0.3207782,3.189524,12.90359707571074,3.079965471137668
IND,1972-01-01,0.3620357,3.394996,12.861690725866033,6.442089791454772
IND,1973-01-01,0.4249077,3.970136,17.366243163312344,16.94081524691046
IND,1974-01-01,0.4853997,5.105545,14.236503598310877,28.598743216857056
IND,1975-01-01,0.5245668,5.399033,8.069040833770604,5.74841667246102
IND,1976-01-01,0.5911307,4.986875,12.689308587581221,-7.633922593175478
IND,1977-01-01,0.6927373,5.401158,17.188516854225302,8.307467101140478
IND,1978-01-01,0.664219,5.537431,-4.116755370325807,2.523033023659002
IND,1979-01-01,0.7623946,5.884943,14.78060699859535,6.275689936362188
IND,1980-01-01,0.8585988,6.552652,12.618688537405689,11.34605721754655
IND,1981-01-01,0.9990354,7.411872,16.356486871400243,13.11255351268463
IND,1982-01-01,1.10128,7.996724,10.234332036682586,7.890746089516935
IND,1983-01-01,1.253022,8.945781,13.778693883481044,11.868072475678787
IND,1984-01-01,1.470379,9.689973,17.34662280470734,8.318915922489047
IND,1985-01-01,1.69866,10.22839,15.525316942094516,5.556434470973232
IND,1986-01-01,1.920925,11.1213,13.084725607243353,8.729721881938415
IND,1987-01-01,2.222301,12.1001,15.689108111977294,8.801129364372867
IND,1988-01-01,2.546174,13.23551,14.573768359911657,9.383476169618435
IND,1989-01-01,3.008953,14.17182,18.17546640567376,7.074226833722316
IND,1990-01-01,3.589665,15.44321,19.29947061320001,8.97125422140558
IND,1991-01-01,4.196552,17.58522,16.90650798890703,13.870238117593422
IND,1992-01-01,5.055249,19.65814,20.461964965524086,11.787853663474213
IND,1993-01-01,5.535664,20.90189,9.503290540189017,6.326895626951493
IND,1994-01-01,6.821855,23.0439,23.234629124889096,10.24792494841375
IND,1995-01-01,8.211662,25.40011,20.372860460974326,10.224875129643857
IND,1996-01-01,9.191818,27.68032,11.936146422003233,8.977165846919547
IND,1997-01-01,10.33801,29.6634,12.469698594989598,7.164223534988039
IND,1998-01-01,11.53869,33.58812,11.614227496394374,13.230850138554597
IND,1999-01-01,13.23169,35.15663,14.67237615361882,4.66983564426945
IND,2000-01-01,14.89199,36.56621,12.547905823065681,4.009428662531074
IND,2001-01-01,16.55491,37.94815,11.166539864719219,3.7792814732508515
IND,2002-01-01,18.46166,39.57885,11.517730993403159,4.297179177377565
IND,2003-01-01,21.01543,41.08516,13.832829767204034,3.805845798955753
IND,2004-01-01,24.76314,42.63294,17.833134987007174,3.7672483203180804
IND,2005-01-01,28.92486,44.44328,16.806107787623052,4.246340974842466
IND,2006-01-01,35.09486,47.01944,21.331131766929893,5.796511868610961
IND,2007-01-01,40.60561,50.01594,15.702441896049741,6.372895976642846
IND,2008-01-01,47.54676,54.1919,17.094066558783382,8.34925825646783
IND,2009-01-01,53.92194,60.08926,13.40823223285877,10.882364338581976
IND,2010-01-01,63.78053,67.29359,18.283077352187252,11.989380464994895
IND,2011-01-01,68.69508,73.2547,7.705407904261701,8.85836228978125
IND,2012-01-01,74.85939,80.07651,8.973437399010235,9.312453671914566
IND,2013-01-01,81.72264,88.81097,9.168188519836981,10.907643202731986
IND,2014-01-01,90.38845,94.4533,10.60392811588075,6.353190377269837
IND,2015-01-01,100.0,100.0,10.633604182835299,5.872425844306129
IND,2016-01-01,110.1217,104.941,10.121700000000004,4.9410000000000025
IND,2017-01-01,112.0908,107.555,1.7881126063255446,2.4909234712838684
IND,2018-01-01,135.7128,112.7829,21.073986446702122,4.8606759332434475
ISL,1959-01-01,0.002408331,0.03462134,14.011605998231357,1.0041677922953982
ISL,1960-01-01,0.002512557,0.03530975,4.327727376344854,1.9883979071867248
ISL,1961-01-01,0.002955908,0.03697342,17.64541063148021,4.711644800657039
ISL,1962-01-01,0.003853,0.04104652,30.349117766858775,11.016292244536759
ISL,1963-01-01,0.004231727,0.04635302,9.829405657928891,12.928014360291684
ISL,1964-01-01,0.004786061,0.05527368,13.099474517141584,19.245045953855858
ISL,1965-01-01,0.0056023,0.0593181,17.05450473782093,7.31708111347028
ISL,1966-01-01,0.006442884,0.06565721,15.004266104992594,10.686636962411127
ISL,1967-01-01,0.006403563,0.06783718,-0.6103012253518788,3.3202294157793233
ISL,1977-01-01,0.06237761,0.5610358,33.59647435718958,30.316758687810236
ISL,1978-01-01,0.0854368,0.8064889,36.96709444302209,43.749988859890934
ISL,1979-01-01,0.1259573,1.164928,47.4274551481329,44.444393469023574
ISL,1980-01-01,0.186657,1.846743,48.190696370913,58.528509916492695
ISL,1981-01-01,0.3197423,2.803231,71.29938871834435,51.793238149542184
ISL,1982-01-01,0.4322698,4.211664,35.19318526200632,50.24320150569111
ISL,1983-01-01,0.6738124,7.747358,55.87774116998227,83.95004919670706
ISL,1984-01-01,0.9950364,10.1376,47.67261629498063,30.852349923677213
ISL,1985-01-01,1.360942,13.38109,36.77308689410759,31.994653566919183
ISL,1986-01-01,1.887446,16.34211,38.68673315982605,22.128391633267555
ISL,1987-01-01,2.656782,19.33236,40.76068931243597,18.29782078324035
ISL,1988-01-01,3.142379,24.3057,18.27763813515749,25.725467558021887
ISL,1989-01-01,3.922649,29.35113,24.830550356911115,20.75821720830916
ISL,1990-01-01,5.374367,33.9037,37.0086133120756,15.510714578961693
ISL,1991-01-01,6.155357,36.21213,14.53175787957912,6.8087848818860515
ISL,1992-01-01,6.960641,37.64168,13.082653045144244,3.9477103390493706
ISL,1993-01-01,6.963337,39.16348,0.03873206504975984,4.042858873461543
ISL,1994-01-01,7.666087,39.77155,10.092144039560344,1.5526454748147966
ISL,1995-01-01,8.126792,40.42827,6.0096500339743075,1.6512305907111993
ISL,1996-01-01,9.013,41.34212,10.904770295585267,2.2604232137561255
ISL,1997-01-01,10.07178,42.09266,11.747253966492849,1.8154366539500173
ISL,1998-01-01,11.9341,42.79108,18.490475367809864,1.6592441532561701
ISL,1999-01-01,14.37825,44.17401,20.48038813148875,3.2318184070138023
ISL,2000-01-01,16.33402,46.443,13.60228122337558,5.13648183626525
ISL,2001-01-01,16.4249,49.41771,0.5563847723952957,6.405077191395908
ISL,2002-01-01,17.90695,51.98596,9.023190399941537,5.197023496232422
ISL,2003-01-01,21.87142,53.05462,22.139281117108176,2.0556704156276067
ISL,2004-01-01,28.61759,54.73019,30.844682238281738,3.1581980984879365
ISL,2005-01-01,37.36483,56.9123,30.565956113006017,3.9870316547411977
ISL,2006-01-01,45.79369,60.71807,22.55827204352328,6.687078188721937
ISL,2007-01-01,70.72143,63.78529,54.43487956528509,5.051576902889051
ISL,2008-01-01,105.1473,71.88245,48.67813051857125,12.694400229269165
ISL,2009-01-01,122.0936,80.51058,16.116723872129853,12.00311063409775
ISL,2010-01-01,117.0353,84.85552,-4.14296900083214,5.3967317090499085
ISL,2011-01-01,116.2178,88.25061,-0.6985072025277925,4.001024329354173
ISL,2012-01-01,112.3899,92.8272,-3.2937295319649826,5.185901831160159
ISL,2013-01-01,107.9109,96.42172,-3.985233548566196,3.8722701966664816
ISL,2014-01-01,105.5758,98.39318,-2.1639148593886226,2.044622311238596
ISL,2015-01-01,100.0,100.0,-5.281323939766501,1.6330603401577213
ISL,2016-01-01,101.5489,101.6969,1.5489000000000033,1.6968999999999994
ISL,2017-01-01,112.027,103.4872,10.318280158623084,1.7604273089936882
ISL,2018-01-01,118.3167,106.2637,5.614450087925229,2.6829404989216044
ISL,2019-01-01,122.8077,109.4665,3.79574481032686,3.0140113698280753
ISL,2020-01-01,147.5189,112.584,20.121865322776994,2.8479032398039648
ISR,1984-01-01,0.04883502,2.574865,210.94254998892106,373.21560337050084
ISR,1985-01-01,0.2165994,10.52587,343.53294009094293,308.79308235577395
ISR,1986-01-01,0.6403108,15.5746,195.6198401288277,47.96496631632351
ISR,1987-01-01,1.051656,18.54839,64.24149022630884,19.093845106776428
ISR,1988-01-01,1.421443,21.59778,35.16235346919526,16.440186991970727
ISR,1989-01-01,1.775803,25.98286,24.92959619203865,20.30338303288578
ISR,1990-01-01,2.256002,30.46875,27.041231487952214,17.264804567318613
ISR,1991-01-01,2.907443,36.26512,28.87590525185705,19.023983589743597
ISR,1992-01-01,3.536062,40.625,21.62102576043622,12.02224065438084
ISR,1993-01-01,4.380078,45.08569,23.86881225498875,10.98016
ISR,1994-01-01,5.258602,50.62164,20.057268386544706,12.278729681191527
ISR,1995-01-01,5.426591,55.65356,3.194556271800003,9.940254800121053
ISR,1996-01-01,6.303934,61.99597,16.167479730829164,11.396234131293669
ISR,1997-01-01,7.138682,67.54872,13.241699548250352,8.956630568083705
ISR,1998-01-01,8.005248,71.26176,12.139019499677946,5.496832508447225
ISR,1999-01-01,8.758045,74.9496,9.403793611390919,5.1750616319327625
ISR,2000-01-01,9.747102,75.73925,11.293125349321691,1.0535746688441228
ISR,2001-01-01,11.09332,76.6129,13.811469296207225,1.1534970309317796
ISR,2002-01-01,12.87263,81.02319,16.03947240321201,5.756589295014291
ISR,2003-01-01,12.91879,81.61122,0.3585902803079124,0.7257551819423592
ISR,2004-01-01,15.1847,81.2752,17.539645740816283,-0.4117326024534431
ISR,2005-01-01,17.794,82.34207,17.18374416353304,1.3126636415536457
ISR,2006-01-01,20.33871,84.03898,14.300944138473634,2.060805612489446
ISR,2007-01-01,23.39862,84.4254,15.044759475895976,0.45981043558596396
ISR,2008-01-01,26.73379,88.27285,14.253703850910858,4.557218562186272
ISR,2009-01-01,39.90231,91.22144,49.25796155352459,3.340313584527967
ISR,2010-01-01,45.40954,93.6996,13.801782403073906,2.7166420525701005
ISR,2011-01-01,47.27584,96.95901,4.109929323221514,3.4785740814261774
ISR,2012-01-01,49.49953,98.59711,4.70364989812978,1.6894768211845337
ISR,2013-01-01,55.69439,100.1512,12.51498751604308,1.5762023856480196
ISR,2014-01-01,67.85715,100.6384,21.838393418080358,0.4864644657278209
ISR,2015-01-01,100.0,100.0,47.36840554016783,-0.6343503076360557
ISR,2016-01-01,124.561,99.45396,24.561000000000007,-0.546040000000005
ISR,2017-01-01,141.9975,99.69758,13.99836224821573,0.24495756629500431
ISR,2018-01-01,160.0747,100.5124,12.73064666631455,0.8172916534182649
ISR,2019-01-01,172.3141,101.3609,7.646055247956103,0.8441744501175988
ISR,2020-01-01,206.1965,100.7645,19.66316163331961,-0.5883925655750912
JPN,1956-01-01,0.4247221,17.04629,14.081036028607148,0.3956035412906987
JPN,1957-01-01,0.4784352,17.57445,12.646645889159055,3.0983868044014256
JPN,1958-01-01,0.5055804,17.4905,5.67374641330739,-0.47768208962441483
JPN,1959-01-01,0.5884859,17.67978,16.398084261177836,1.0821874731997376
JPN,1960-01-01,0.7057301,18.31175,19.923026193150935,3.574535429739505
JPN,1961-01-01,0.8830824,19.29481,25.13032956933536,5.36846560268679
JPN,1962-01-01,1.023937,20.61369,15.950334872487556,6.83541325361587
JPN,1963-01-01,1.210279,21.99623,18.1985805767347,6.706902063628601
JPN,1964-01-01,1.420044,22.83217,17.331954037044348,3.8003785194099207
JPN,1965-01-01,1.627808,24.35188,14.630814256459647,6.656003349659712
JPN,1966-01-01,1.877352,25.57942,15.330063496432013,5.040842842523853
JPN,1967-01-01,2.163771,26.6,15.25654219347252,3.989848088815159
JPN,1968-01-01,2.529122,28.02029,16.884919892169734,5.339436090225555
JPN,1969-01-01,3.018481,29.4913,19.34896774453743,5.249802910676513
JPN,1970-01-01,3.643523,31.53333,20.70717026212854,6.92417763882908
JPN,1971-01-01,4.467495,33.55,22.614705602242676,6.395360084076112
JPN,1972-01-01,5.464527,35.175,22.3174732148553,4.843517138599106
JPN,1973-01-01,6.985854,39.25834,27.840049102145517,11.60864250177683
JPN,1974-01-01,7.918545,48.375,13.351137885217758,23.222224882661884
JPN,1975-01-01,8.877714,54.05,12.112944991788256,11.731266149870796
JPN,1976-01-01,10.07551,59.11666,13.49216701506717,9.374024051803897
JPN,1977-01-01,10.77499,63.94167,6.942378102944677,8.161844732094131
JPN,1978-01-01,11.862,66.63333,10.088269223451709,4.209555365069443
JPN,1979-01-01,13.13205,69.1,10.70687910976226,3.7018561131493706
JPN,1980-01-01,13.47103,74.475,2.5813182252580607,7.778581765557164
JPN,1981-01-01,13.91792,78.13333,3.3174152236317473,4.912158442430355
JPN,1982-01-01,14.72499,80.275,5.798783151505393,2.741045338781804
JPN,1983-01-01,15.26411,81.8,3.6612588531469323,1.8997197134848849
JPN,1984-01-01,15.69659,83.65,2.8333129150667804,2.261613691931551
JPN,1985-01-01,16.49057,85.35,5.058296101255121,2.0322773460848635
JPN,1986-01-01,17.63277,85.85833,6.926382775125413,0.5955828939660233
JPN,1987-01-01,19.48586,85.96667,10.509352756260066,0.12618461132425746
JPN,1988-01-01,21.12208,86.55,8.396960667889442,0.6785536766749296
JPN,1989-01-01,21.98771,88.51667,4.098223281040501,2.2722934719815227
JPN,1990-01-01,22.54712,91.24167,2.5441940065609367,3.078516171021791
JPN,1991-01-01,23.71638,94.20834,5.185850787151535,3.2514420220498024
JPN,1992-01-01,24.7948,95.86667,4.547152643025612,1.7602793977688092
JPN,1993-01-01,25.51018,97.05833,2.885201735847838,1.2430388997552526
JPN,1994-01-01,26.91665,97.73333,5.513367604619027,0.6954580817535159
JPN,1995-01-01,29.11399,97.60833,8.16349731485902,-0.12789904938264152
JPN,1996-01-01,33.10724,97.74167,13.715914582645649,0.13660719325902207
JPN,1997-01-01,35.99373,99.45,8.71860656460642,1.7478011169647538
JPN,1998-01-01,39.07076,100.1083,8.54879447059252,0.6619406737053766
JPN,1999-01-01,43.18238,99.76667,10.523521938145052,-0.34126041497058185
JPN,2000-01-01,46.71507,99.09167,8.180859878496728,-0.6765786609896987
JPN,2001-01-01,50.69358,98.35833,8.516545089197127,-0.7400622070452525
JPN,2002-01-01,64.63502,97.45,27.501391694964138,-0.9234906692702004
JPN,2003-01-01,69.84149,97.2,8.055184325772617,-0.2565418163160595
JPN,2004-01-01,72.74577,97.19167,4.158387800718456,-0.008569958847737487
JPN,2005-01-01,76.13275,96.91666,4.6559133266442965,-0.28295634800802255
JPN,2006-01-01,78.38445,97.15833,2.957597091921676,0.2493585726128133
JPN,2007-01-01,78.32439,97.21667,-0.07662234027285655,0.06004631821068451
JPN,2008-01-01,77.92685,98.55833,-0.5075558200963867,1.3800719567950688
JPN,2009-01-01,78.32919,97.225,0.5163047139721357,-1.3528333931794538
JPN,2010-01-01,79.87497,96.525,1.9734405526215806,-0.7199794291591552
JPN,2011-01-01,83.66695,96.26667,4.747394584310949,-0.2676301476301485
JPN,2012-01-01,86.71026,96.21667,3.637409992834692,-0.051939056373313176
JPN,2013-01-01,90.87823,96.55,4.806778344338947,0.34643684924868395
JPN,2014-01-01,95.14546,99.21667,4.695546997339184,2.7619575349559775
JPN,2015-01-01,100.0,100.0,5.102229785845799,0.7895145039639071
JPN,2016-01-01,107.0276,99.88333,7.027600000000007,-0.11666999999999916
JPN,2017-01-01,115.4786,100.35,7.896094091617483,0.4672150998569966
JPN,2018-01-01,122.5712,101.3333,6.141917203707011,0.9798704534130542
JPN,2019-01-01,129.1375,101.8167,5.357131202109454,0.4770396306051448
JPN,2020-01-01,143.2194,101.8,10.904578453199125,-0.016402024422319875
KOR,1962-01-01,0.006269783,1.551287,47.976661833067126,6.618322725020303
KOR,1963-01-01,0.006558159,1.872273,4.599457429387906,20.691593496238927
KOR,1964-01-01,0.007230076,2.423898,10.245512498248369,29.46285077016011
KOR,1965-01-01,0.008948535,2.752292,23.768201053488237,13.54817735729805
KOR,1966-01-01,0.01175595,3.062238,31.372900703858214,11.261377789856585
KOR,1967-01-01,0.01617872,3.395485,37.62154483474327,10.88246569992274
KOR,1968-01-01,0.02291794,3.76124,41.65484043237042,10.77180432250474
KOR,1969-01-01,0.0321504,4.227242,40.28485980851683,12.389584286033342
KOR,1970-01-01,0.04491078,4.901501,39.68964616303372,15.950328843250498
KOR,1971-01-01,0.05445484,5.563778,21.25115618121084,13.511718145115148
KOR,1972-01-01,0.06834547,6.214127,25.508531473051814,11.688981839318538
KOR,1973-01-01,0.1001702,6.414286,46.56450529932707,3.221031691177205
KOR,1974-01-01,0.1223483,7.973226,22.140417010248548,24.30418599981355
KOR,1975-01-01,0.1603308,9.986407,31.04456702708579,25.24926547924265
KOR,1976-01-01,0.2005821,11.51705,25.10515758668953,15.327264350431536
KOR,1977-01-01,0.2802077,12.67989,39.697261121505846,10.096682744279144
KOR,1978-01-01,0.3922752,14.51344,39.99443983873391,14.460298945811036
KOR,1979-01-01,0.4913678,17.17281,25.260990243584104,18.32349877079451
KOR,1980-01-01,0.6287432,22.101,27.95775384549006,28.697633060634814
KOR,1981-01-01,0.7807375,26.81993,24.174305185328453,21.351658296004707
KOR,1982-01-01,1.186938,28.7485,52.02779423301687,7.190809222842866
KOR,1983-01-01,1.566373,29.73188,31.9675501163498,3.4206306415986933
KOR,1984-01-01,1.746469,30.40797,11.497644558480006,2.2739564400232966
KOR,1985-01-01,1.962361,31.15574,12.36162794759025,2.4591250254456405
KOR,1986-01-01,2.588744,32.01251,31.919865916617795,2.7499587555936635
KOR,1987-01-01,3.290523,32.98878,27.108860513051873,3.049651526856218
KOR,1988-01-01,4.036759,35.3462,22.67834019090583,7.146126652758922
KOR,1989-01-01,4.699033,37.36098,16.40608220604698,5.70013183878322
KOR,1990-01-01,5.962793,40.56417,26.894043944786077,8.573624139409619
KOR,1991-01-01,7.217528,44.35017,21.04273953497967,9.333359957814992
KOR,1992-01-01,8.865181,47.1055,22.82849474224416,6.212670661690814
KOR,1993-01-01,10.80737,49.36708,21.908058053185837,4.8010954134867525
KOR,1994-01-01,12.33755,52.46033,14.158671351124276,6.265815195065208
KOR,1995-01-01,13.97379,54.81092,13.2622765459917,4.480699987971871
KOR,1996-01-01,15.90651,57.51025,13.831036533395748,4.924803305618655
KOR,1997-01-01,18.6326,60.06317,17.138203163358895,4.439069557165897
KOR,1998-01-01,17.76725,64.57592,-4.64427938129944,7.513339705513373
KOR,1999-01-01,22.73423,65.10091,27.955817585726546,0.8129810616712895
KOR,2000-01-01,28.33863,66.57166,24.651813586824794,2.25918500985623
KOR,2001-01-01,33.51904,69.27875,18.280382643762238,4.066430069492045
KOR,2002-01-01,41.46779,71.19258,23.714133817674984,2.7625065406058917
KOR,2003-01-01,44.16972,73.69492,6.51573184874332,3.514888770711764
KOR,2004-01-01,47.6679,76.341,7.919860030808448,3.5905867052980014
KOR,2005-01-01,52.0775,78.4435,9.250669737915866,2.7540902005475516
KOR,2006-01-01,52.26459,80.20208,0.3592530363400658,2.2418428550485316
KOR,2007-01-01,49.17722,82.23508,-5.907192613584073,2.5348469765372688
KOR,2008-01-01,48.4843,86.07858,-1.4090263744066884,4.673796146364794
KOR,2009-01-01,56.37249,88.4515,16.26957592457765,2.756690456557245
KOR,2010-01-01,62.47721,91.05125,10.829253772540472,2.9391813592759877
KOR,2011-01-01,66.45402,94.71684,6.365217012731523,4.025853571477612
KOR,2012-01-01,69.36049,96.7885,4.373655649424969,2.1872140160081295
KOR,2013-01-01,76.01276,98.04808,9.590863617024622,1.301373613600789
KOR,2014-01-01,84.24448,99.29792,10.829392328340656,1.2747215447768137
KOR,2015-01-01,100.0,99.99917,18.70213929743528,0.7062081461525092
KOR,2016-01-01,115.289,100.9708,15.289000000000001,0.9716380645959265
KOR,2017-01-01,126.2005,102.9342,9.464476229302017,1.9445225748434272
KOR,2018-01-01,132.1096,104.4533,4.682311084345938,1.4757971597389348
KOR,2019-01-01,138.1155,104.8533,4.546149560667807,0.38294625445055896
KOR,2020-01-01,166.864,105.4167,20.81482527305046,0.5373221443674175
MEX,1979-01-01,0.01723745,0.05175243,34.945058902368,18.19125850537442
MEX,1980-01-01,0.02290818,0.06539005,32.897731392984454,26.351651506992045
MEX,1981-01-01,0.03070717,0.08365595,34.04456399417151,27.933760564489553
MEX,1982-01-01,0.04379421,0.1329405,42.618841137102514,58.91338273009867
MEX,1983-01-01,0.06164329,0.2683736,40.75671190324019,101.87497414256755
MEX,1984-01-01,0.09454593,0.444021,53.375866213500274,65.44883699439886
MEX,1985-01-01,0.1497318,0.7004362,58.369376661692364,57.748439826044255
MEX,1986-01-01,0.1429047,1.304445,-4.559552479833945,86.23323580363211
MEX,1987-01-01,0.2692092,3.024062,88.38372705726263,131.82748218591047
MEX,1988-01-01,0.5495802,6.476399,104.14614359390393,114.16224270534137
MEX,1989-01-01,0.7386566,7.772189,34.40378674486455,20.007877834580608
MEX,1990-01-01,1.140756,9.843607,54.436581220556356,26.65166788918798
MEX,1991-01-01,2.096274,12.0744,83.76182110810726,22.662353342631416
MEX,1992-01-01,3.689321,13.94689,75.99421640491653,15.507934141655063
MEX,1993-01-01,4.387578,15.30691,18.926436599038155,9.751421284601802
MEX,1994-01-01,4.96535,16.37316,13.168358488441674,6.965808252612698
MEX,1995-01-01,4.606974,22.10365,-7.217537535118367,34.99929152344447
MEX,1996-01-01,6.250364,29.70253,35.671788032665255,34.378394518552376
MEX,1997-01-01,8.82999,35.82886,41.27161234129724,20.625616740392147
MEX,1998-01-01,10.91072,41.53582,23.56435284751171,15.928388455563484
MEX,1999-01-01,13.06074,48.4248,19.705573967620833,16.585636205087553
MEX,2000-01-01,15.96037,53.02106,22.201115710135877,9.491541524177697
MEX,2001-01-01,18.31561,56.3973,14.756800750859789,6.367733877821384
MEX,2002-01-01,21.76995,59.2345,18.860087106025965,5.0307372870687
MEX,2003-01-01,24.35896,61.92784,11.892585880996503,4.5469110062548115
MEX,2004-01-01,27.76016,64.83127,13.962829283351997,4.688408315226238
MEX,2005-01-01,30.8313,67.41678,11.063120673656059,3.9880600827347656
MEX,2006-01-01,35.62698,69.86364,15.554582518414742,3.629452489424741
MEX,2007-01-01,39.10836,72.63503,9.771751633172371,3.9668560069300662
MEX,2008-01-01,42.2675,76.35756,8.077914798779599,5.1249789529928
MEX,2009-01-01,47.74484,80.4025,12.958750813272621,5.297366757135766
MEX,2010-01-01,52.2945,83.74461,9.529113512580617,4.1567239824632205
MEX,2011-01-01,59.99508,86.5981,14.725410894071082,3.407371531134969
MEX,2012-01-01,68.45164,90.15859,14.095422491310947,4.11151052967675
MEX,2013-01-01,74.16452,93.59038,8.345862860261636,3.8063927131069732
MEX,2014-01-01,84.6778,97.35142,14.175619285340227,4.0186181528486244
MEX,2015-01-01,100.0,100.0,18.094707231411295,2.7206382813933225
MEX,2016-01-01,114.5816,102.8217,14.581599999999995,2.821700000000007
MEX,2017-01-01,128.4415,109.0336,12.096095708211438,6.041428997964438
MEX,2018-01-01,139.9802,114.3756,8.983622894469471,4.899407155225544
NOR,1962-01-01,0.3154145,8.941006,6.066602998244621,5.2742716140321075
NOR,1963-01-01,0.3349578,9.161992,6.196068982244013,2.471601070394091
NOR,1964-01-01,0.3655951,9.699528,9.14661488700964,5.867021058302617
NOR,1965-01-01,0.3951829,10.10567,8.093051575363017,4.187234677811117
NOR,1966-01-01,0.4276425,10.43416,8.213816944002378,3.25055142311198
NOR,1967-01-01,0.4670711,10.91197,9.219990997153005,4.579285730715265
NOR,1968-01-01,0.502864,11.28824,7.663265828264681,3.4482316208713906
NOR,1969-01-01,0.5718645,11.62271,13.72150322950142,2.962995117042157
NOR,1970-01-01,0.6496111,12.85904,13.595283498101386,10.63719218667592
NOR,1971-01-01,0.7429746,13.65937,14.372214391041048,6.223870522216268
NOR,1972-01-01,0.8322691,14.65083,12.018513149709282,7.2584606757119845
NOR,1973-01-01,0.9195196,15.73784,10.48344820202985,7.4194431305257185
NOR,1974-01-01,1.023287,17.21905,11.284957928031123,9.411774423936187
NOR,1975-01-01,1.201488,19.23182,17.41456697876547,11.689204688992714
NOR,1976-01-01,1.436194,20.99374,19.534610416416985,9.16148341654612
NOR,1977-01-01,1.64486,22.90498,14.529095651423138,9.103856673465517
NOR,1978-01-01,1.783641,24.77441,8.437253018493978,8.16167488467574
NOR,1979-01-01,1.978765,25.89167,10.939645365855576,4.5097340360476865
NOR,1980-01-01,2.176988,28.70833,10.017510922216637,10.878633939023628
NOR,1981-01-01,2.440433,32.625,12.101352878380585,13.642974007892482
NOR,1982-01-01,2.720316,36.325,11.46857955125176,11.340996168582384
NOR,1983-01-01,2.997701,39.4,10.196793313717974,8.46524432209221
NOR,1984-01-01,3.41445,41.85,13.902287119362464,6.218274111675134
NOR,1985-01-01,4.190278,44.24166,22.721902502599253,5.714838709677423
NOR,1986-01-01,4.931133,47.41667,17.680330517450148,7.176516432701667
NOR,1987-01-01,6.311006,51.55,27.982879391004055,8.71703980899543
NOR,1988-01-01,7.295261,54.99166,15.595849536508128,6.6763530552861425
NOR,1989-01-01,8.756945,57.49166,20.036075474201677,4.546143906185047
NOR,1990-01-01,9.725729,59.86666,11.063036252939803,4.131033962143379
NOR,1991-01-01,10.26135,61.925,5.5072581191600225,3.4382075098226523
NOR,1992-01-01,11.01208,63.36666,7.316093886282009,2.328074283407357
NOR,1993-01-01,12.06855,64.81667,9.593737059665395,2.288285353843802
NOR,1994-01-01,13.14882,65.70834,8.951116745590816,1.375680052677814
NOR,1995-01-01,14.09313,67.325,7.181709081119065,2.460357391466587
NOR,1996-01-01,15.13237,68.175,7.374089361270346,1.2625324916449971
NOR,1997-01-01,16.76397,69.925,10.782184152251105,2.566923359002567
NOR,1998-01-01,18.2293,71.5,8.740948593918969,2.2524132999642514
NOR,1999-01-01,20.83895,73.19167,14.315689576670538,2.3659720279720307
NOR,2000-01-01,24.03395,75.45,15.33186652878384,3.0855013965387057
NOR,2001-01-01,24.62744,77.71667,2.4693818535862775,3.004201457919139
NOR,2002-01-01,25.90208,78.71667,5.175690205721754,1.2867252289631042
NOR,2003-01-01,27.14926,80.675,4.814980109705476,2.4878211946719846
NOR,2004-01-01,29.60477,81.04166,9.044482243714917,0.45449023861170873
NOR,2005-01-01,33.60263,82.28333,13.504107615090405,1.5321379152401535
NOR,2006-01-01,40.4319,84.2,20.323617526366245,2.329353952981723
NOR,2007-01-01,47.94391,84.8,18.57941377971355,0.7125890736341975
NOR,2008-01-01,49.30713,87.98333,2.8433642562736297,3.7539268867924505
NOR,2009-01-01,48.86818,89.91666,-0.8902363613538212,2.19738216318932
NOR,2010-01-01,49.83733,92.09167,1.9831923349713434,2.4189176955638705
NOR,2011-01-01,53.49749,93.275,7.3442136647368494,1.2849479219999076
NOR,2012-01-01,55.73105,93.925,4.175074381994378,0.6968641114982487
NOR,2013-01-01,55.93116,95.91666,0.3590637535090315,2.120479105669413
NOR,2014-01-01,59.06802,97.875,5.608430077259257,2.0417099594585624
NOR,2015-01-01,100.0,100.0,69.29634682185048,2.1711366538952745
NOR,2016-01-01,120.7975,103.55,20.7975,3.549999999999997
NOR,2017-01-01,126.7611,105.4917,4.936857136944059,1.875132786093672
NOR,2018-01-01,138.0893,108.4083,8.936653279278904,2.7647672755297363
NZL,1979-01-01,4.966739,18.55682,13.388567220101338,13.699595365947491
NZL,1980-01-01,5.372974,21.73942,8.17910906935115,17.15056782358185
NZL,1981-01-01,6.212012,25.0808,15.615895405412337,15.370143269691653
NZL,1982-01-01,6.757508,29.13478,8.781309501655825,16.163678989505915
NZL,1983-01-01,7.230949,31.27359,7.006147828459845,7.341088554641564
NZL,1984-01-01,8.011485,33.20356,10.79437844188917,6.171245450234541
NZL,1985-01-01,8.613913,38.32277,7.519554739227493,15.41765401059403
NZL,1986-01-01,10.21238,43.38651,18.556804555606718,13.2133976745418
NZL,1987-01-01,12.62578,50.21741,23.632101429833217,15.744294712803585
NZL,1988-01-01,15.67901,53.4189,24.182505952107505,6.375259098388388
NZL,1989-01-01,17.9673,56.47232,14.59460769525628,5.71599190548664
NZL,1990-01-01,19.84298,59.91625,10.439409371469276,6.098439022869956
NZL,1991-01-01,18.81071,61.47551,-5.202192412631573,2.6023991821918124
NZL,1992-01-01,19.19238,62.09922,2.029003689919199,1.0145666135994686
NZL,1993-01-01,19.63618,62.89919,2.3123760575811834,1.288212637775474
NZL,1994-01-01,21.60051,63.99701,10.003625959835368,1.7453642884749483
NZL,1995-01-01,22.46925,66.40006,4.021849484109398,3.754941051152223
NZL,1996-01-01,23.93527,67.91778,6.52456134494921,2.2857208261558757
NZL,1997-01-01,25.61415,68.72406,7.0142513537553555,1.1871412758190876
NZL,1998-01-01,27.33939,69.59359,6.735495809933193,1.2652482987763118
NZL,1999-01-01,32.60779,69.51407,19.270364115658758,-0.11426339695940711
NZL,2000-01-01,34.98002,71.33202,7.275040718797569,2.6152259535371702
NZL,2001-01-01,40.14391,73.20507,14.76239864928606,2.625819372562289
NZL,2002-01-01,45.6392,75.16484,13.688975488436489,2.6770959989519736
NZL,2003-01-01,49.60818,76.48291,8.696427632386182,1.7535725480158089
NZL,2004-01-01,53.77688,78.23456,8.403251238001477,2.290250200992611
NZL,2005-01-01,56.66005,80.61056,5.361356032555254,3.0370209789637785
NZL,2006-01-01,59.89638,83.32343,5.711837529264451,3.365402746240685
NZL,2007-01-01,62.51409,85.30331,4.3703976767878165,2.376138380285106
NZL,2008-01-01,65.33812,88.68043,4.517429590673078,3.9589554027856657
NZL,2009-01-01,67.31902,90.55659,3.0317676725317337,2.1156415231635646
NZL,2010-01-01,68.54794,92.64124,1.8255167707432496,2.302041187725815
NZL,2011-01-01,75.34409,96.37273,9.914448194942107,4.027892977252904
NZL,2012-01-01,79.57832,97.3942,5.619856846104335,1.0599160156612701
NZL,2013-01-01,86.55556,98.49906,8.76776488872848,1.1344207355263478
NZL,2014-01-01,92.86536,99.70815,7.289884092945613,1.2275142524202802
NZL,2015-01-01,100.0,100.0,7.682778594731129,0.292704257375146
NZL,2016-01-01,109.0213,100.6462,9.021299999999997,0.6461999999999932
NZL,2017-01-01,120.7007,102.509,10.712952423058614,1.8508398727423463
NZL,2018-01-01,132.7819,104.1474,10.009221156132492,1.5982986859690411
NZL,2019-01-01,145.2341,105.8342,9.37793479382356,1.6196275663146569
NZL,2020-01-01,191.2985,107.6488,31.717344618102757,1.7145686366032895
OECD,1981-01-01,3.485275,20.88571,9.95803625710294,11.997149357881593
OECD,1982-01-01,3.847702,23.11675,10.39880640695497,10.682136254884322
OECD,1983-01-01,4.377543,25.55198,13.770323169517813,10.534482572160883
OECD,1984-01-01,4.895652,27.82305,11.835611894617594,8.888039204789601
OECD,1985-01-01,5.719877,29.94896,16.83585761406244,7.640822986696287
OECD,1986-01-01,6.503249,31.98979,13.695609188798988,6.814360164760311
OECD,1987-01-01,7.774796,34.90333,19.552488302385466,9.107718431412016
OECD,1988-01-01,8.967606,38.3402,15.342010259819032,9.846825503469171
OECD,1989-01-01,9.763218,40.78978,8.872066859315632,6.38906421980062
OECD,1990-01-01,10.80978,43.68157,10.719436972522788,7.089496437588044
OECD,1991-01-01,12.13701,46.58317,12.278048211897005,6.642618385740261
OECD,1992-01-01,14.14403,49.06979,16.536362745025343,5.338022294317872
OECD,1993-01-01,15.91795,51.35281,12.54182860189068,4.652597861127998
OECD,1994-01-01,17.50419,53.78069,9.965102290181852,4.727842546493565
OECD,1995-01-01,18.54169,57.04064,5.927152298963835,6.061562244738778
OECD,1996-01-01,20.16927,60.35542,8.777948504154702,5.8112601822139425
OECD,1997-01-01,22.17253,63.31676,9.932238499459809,4.906502183233917
OECD,1998-01-01,23.97374,66.05608,8.123610611869738,4.326374249092961
OECD,1999-01-01,26.12882,68.49751,8.98933583162244,3.695995887131073
OECD,2000-01-01,28.5328,71.2729,9.200492023750023,4.051811518404102
OECD,2001-01-01,31.07184,73.88085,8.898671003196322,3.659104652680034
OECD,2002-01-01,35.05837,75.92918,12.830041606805372,2.772477577071741
OECD,2003-01-01,38.24948,77.80746,9.10227714522952,2.4737261748381894
OECD,2004-01-01,41.53373,79.67404,8.58639123982862,2.398973054768783
OECD,2005-01-01,44.17343,81.76937,6.355557278385556,2.6298779376569708
OECD,2006-01-01,46.68903,83.94431,5.694826052674649,2.659846835067956
OECD,2007-01-01,48.34607,86.07742,3.5490992209518915,2.5411013563635247
OECD,2008-01-01,51.09713,89.28318,5.690348770851493,3.7242751931923586
OECD,2009-01-01,56.81594,89.76807,11.192037595849312,0.5430922151294263
OECD,2010-01-01,61.05111,91.38297,7.454193312651351,1.7989692771605827
OECD,2011-01-01,67.96037,93.98207,11.317173430589543,2.844184206313269
OECD,2012-01-01,74.98517,96.08615,10.33661235216936,2.238810019826133
OECD,2013-01-01,82.3221,97.62302,9.784508056726429,1.599470891486435
OECD,2014-01-01,90.70054,99.31937,10.177631523005363,1.7376536804536569
OECD,2015-01-01,100.0,100.0,10.252926829322071,0.6852943187215078
OECD,2016-01-01,109.6019,101.2011,9.6019,1.2010999999999967
OECD,2017-01-01,120.0531,103.5082,9.535601116404003,2.2797183034571815
OECD,2018-01-01,127.5231,106.2064,6.222246655854783,2.606749996618625
OECD,2019-01-01,134.3362,108.4029,5.342639882499713,2.068142786122117
OECD,2020-01-01,317.2915,109.8863,136.19210607416318,1.3684135756515767
OECDE,1981-01-01,0.2970279,17.27458,19.81255332065403,13.244300280708469
OECDE,1982-01-01,0.3464473,19.22459,16.63796565911822,11.288320758015528
OECDE,1983-01-01,0.4317659,21.00981,24.62671811845552,9.286127818590682
OECDE,1984-01-01,0.5055413,22.90206,17.086898247406754,9.00650696031995
OECDE,1985-01-01,0.6896164,24.73923,36.41148606454113,8.02185480258108
OECDE,1986-01-01,0.8683029,26.04165,25.910999216375938,5.264593926326734
OECDE,1987-01-01,1.150929,27.36252,32.549252110064366,5.072144046172187
OECDE,1988-01-01,1.409691,29.19095,22.48288122030116,6.682242717410533
OECDE,1989-01-01,1.77208,31.41832,25.706981175307217,7.630344336172685
OECDE,1990-01-01,2.213832,33.9556,24.92844566836711,8.075797814778115
OECDE,1991-01-01,2.523592,36.81529,13.99202830205724,8.42185088762973
OECDE,1992-01-01,2.915902,39.75659,15.545698353775103,7.98934355807059
OECDE,1993-01-01,3.586104,42.57053,22.984380133488717,7.0779209182678775
OECDE,1994-01-01,4.400176,46.05428,22.700735951885385,8.183478100930387
OECDE,1995-01-01,5.512046,49.91067,25.268761976793648,8.373575702410296
OECDE,1996-01-01,6.904191,53.5447,25.256411140255363,7.281068356726117
OECDE,1997-01-01,9.15824,57.23318,32.64754697545302,6.8885996186363885
OECDE,1998-01-01,11.33163,61.07923,23.731524834466025,6.719965586395873
OECDE,1999-01-01,13.60708,64.25759,20.080517983732253,5.20366743326658
OECDE,2000-01-01,16.89676,67.75932,24.17623766450995,5.449519659856539
OECDE,2001-01-01,19.86309,71.33847,17.555614212428885,5.282151591840058
OECDE,2002-01-01,22.72057,74.59637,14.38587853148729,4.566820678940819
OECDE,2003-01-01,26.31899,76.78665,15.83771886004621,2.936175044442513
OECDE,2004-01-01,30.8416,78.61235,17.183828102826137,2.3776268400822436
OECDE,2005-01-01,35.37089,80.46928,14.685651846856205,2.3621352115793397
OECDE,2006-01-01,41.3185,82.50263,16.814985430109328,2.5268649104353846
OECDE,2007-01-01,45.89328,84.66886,11.071989544634963,2.6256496308057073
OECDE,2008-01-01,51.34062,87.92517,11.869580905962712,3.8459358021355188
OECDE,2009-01-01,55.5302,88.90688,8.160361133153437,1.1165289757187922
OECDE,2010-01-01,61.44857,90.84196,10.6579302793795,2.1765244714469785
OECDE,2011-01-01,66.39773,93.6274,8.054149998934067,3.066248240350598
OECDE,2012-01-01,69.9275,96.29497,5.31610041487864,2.8491339073818263
OECDE,2013-01-01,78.33321,98.04885,12.020607057309356,1.8213620088359705
OECDE,2014-01-01,87.24026,99.27045,11.370720030495384,1.2459095644670948
OECDE,2015-01-01,100.0,100.0,14.625976584663997,0.7349115471925465
OECDE,2016-01-01,113.1072,101.007,13.107200000000008,1.007000000000005
OECDE,2017-01-01,127.6273,103.5144,12.83746746449386,2.482402209747829
OECDE,2018-01-01,139.8764,106.6429,9.597554755134665,3.022284822208314
POL,1991-01-01,2.45863,11.41721,70.04102623687325,76.76945024272258
POL,1992-01-01,2.719228,16.68039,10.599317506090804,46.098652823237884
POL,1993-01-01,3.622564,22.84615,33.22031105887406,36.96412374051208
POL,1994-01-01,5.047146,30.38339,39.32524035462174,32.9912917493757
POL,1995-01-01,6.813853,38.87597,35.00407953326494,27.95139054595292
POL,1996-01-01,9.097996,46.57145,33.52204692411181,19.794953026252454
POL,1997-01-01,11.10639,53.51672,22.075125115464978,14.913149579839152
POL,1998-01-01,12.6287,59.72351,13.706613940263228,11.597852035774984
POL,1999-01-01,15.5245,63.99618,22.930309533047733,7.154083877521608
POL,2000-01-01,16.35792,70.33191,5.368417662404588,9.90016904133964
POL,2001-01-01,16.81214,74.1357,2.7767589033324493,5.4083416759192335
POL,2002-01-01,19.72982,75.54819,17.354602091107978,1.9052764052946223
POL,2003-01-01,23.26154,76.06396,17.90041672960017,0.6827033182396417
POL,2004-01-01,26.9527,78.63694,15.868080961105756,3.3826532302551713
POL,2005-01-01,31.06602,80.35421,15.26125397455543,2.183795554608304
POL,2006-01-01,37.79402,81.38651,21.657103162877,1.2846868882165683
POL,2007-01-01,46.68433,83.3876,23.523059997322324,2.458748999066313
POL,2008-01-01,53.98495,86.86067,15.638266630366108,4.164971770383118
POL,2009-01-01,57.26157,90.15737,6.069506408730584,3.795388637918636
POL,2010-01-01,64.134,92.48406,12.00181902102929,2.580698616208524
POL,2011-01-01,70.41158,96.40483,9.78822465462937,4.239400822152493
POL,2012-01-01,72.32979,99.8372,2.7242820002050827,3.560371404627747
POL,2013-01-01,80.9689,100.8276,11.94405513965961,0.9920150004206931
POL,2014-01-01,89.11799,100.8818,10.064469197432595,0.053755122605312906
POL,2015-01-01,100.0,100.0,12.210789314256294,-0.874092254499819
POL,2016-01-01,115.5783,99.33524,15.578299999999999,-0.6647600000000011
POL,2017-01-01,131.1737,101.3974,13.493363373574448,2.0759601527111684
POL,2018-01-01,145.6537,103.2357,11.038798173719268,1.8129656184478
POL,2019-01-01,165.0909,105.5352,13.34480346191001,2.2274271400300565
POL,2020-01-01,211.5589,109.0965,28.146917849499875,3.3745139062606624
RUS,1997-01-01,1.821133,7.085289,32.038972215837845,14.761315109407535
RUS,1998-01-01,2.047962,9.046901,12.4553780531131,27.68570202288149
RUS,1999-01-01,3.045224,16.8043,48.69533712051298,85.74647826918854
RUS,2000-01-01,4.556386,20.29939,49.62400138709007,20.798783644662365
RUS,2001-01-01,6.924253,24.65909,51.968094889238984,21.47700004778469
RUS,2002-01-01,9.329021,28.55245,34.729637984054,15.788741595898314
RUS,2003-01-01,13.08839,32.45365,40.297572489117584,13.663275830970733
RUS,2004-01-01,18.65489,35.9874,42.53005908289714,10.888605750046597
RUS,2005-01-01,24.23289,40.55252,29.90100718899977,12.685328753952774
RUS,2006-01-01,32.58963,44.4734,34.485115064690994,9.668646979275263
RUS,2007-01-01,44.78458,48.47925,37.41972523161508,9.007294247797565
RUS,2008-01-01,55.1064,55.32005,23.047709725088417,14.110779354053541
RUS,2009-01-01,51.84825,61.76335,-5.91247114672706,11.647314129325624
RUS,2010-01-01,64.12872,65.99377,23.685408861436983,6.849401789248794
RUS,2011-01-01,77.25809,71.56395,20.47346337179347,8.440463395256867
RUS,2012-01-01,87.55467,75.19563,13.327510426416193,5.074733856920962
RUS,2013-01-01,94.82538,80.27413,8.304194396483927,6.753716938072074
RUS,2014-01-01,101.4016,86.55431,6.935084256978466,7.823417083436471
RUS,2015-01-01,100.0,100.0,-1.382226710426662,15.534396842860858
RUS,2016-01-01,108.582,107.0424,8.581999999999994,7.0424
RUS,2017-01-01,117.1518,110.9852,7.8924683649223635,3.68340022271549
RUS,2018-01-01,130.6387,114.1797,11.512328449072063,2.878311702821629
SWE,2000-01-01,35.48451,83.23418,8.992019530066967,0.8991489524192696
SWE,2001-01-01,36.92458,85.23676,4.058306004507315,2.405958705906647
SWE,2002-01-01,39.40169,87.07658,6.7085664887725285,2.1584818568889794
SWE,2003-01-01,41.22075,88.75337,4.61670552709795,1.9256498130725814
SWE,2004-01-01,42.98577,89.08501,4.2818726005713135,0.37366468450718326
SWE,2005-01-01,46.83242,89.48872,8.948659056241162,0.45317388413606713
SWE,2006-01-01,52.04317,90.70596,11.126373567712292,1.360216125563092
SWE,2007-01-01,57.26191,92.71252,10.027713530901359,2.212158936413873
SWE,2008-01-01,60.09109,95.8991,4.940771273609283,3.4370546717962216
SWE,2009-01-01,64.87112,95.42492,7.9546401970741485,-0.49445719511445263
SWE,2010-01-01,69.59351,96.52992,7.279649249157391,1.1579784400133675
SWE,2011-01-01,71.87136,99.38832,3.2730781936419087,2.961154427559858
SWE,2012-01-01,75.2034,100.2713,4.636116528197054,0.8884142522984627
SWE,2013-01-01,80.21524,100.2269,6.664379536031605,-0.044279868716169034
SWE,2014-01-01,87.94822,100.0468,9.64028780565889,-0.17969227822071313
SWE,2015-01-01,100.0,100.0,13.703267672728332,-0.04677810784553291
SWE,2016-01-01,111.0095,100.9843,11.009500000000003,0.9843000000000046
SWE,2017-01-01,122.3557,102.7964,10.220927037776043,1.7944373531331117
SWE,2018-01-01,131.3698,104.8046,7.367127154680983,1.9535703584950328
TUR,1961-01-01,4.777854e-06,3.810848e-05,4.777683820497918,3.1728751997006706
TUR,1962-01-01,5.259933e-06,3.959025e-05,10.089864612857573,3.888294678769663
TUR,1963-01-01,5.747581e-06,4.210926e-05,9.27099261530519,6.362702938223412
TUR,1964-01-01,6.406039e-06,4.258073e-05,11.456263078328078,1.119634968650605
TUR,1965-01-01,7.580527e-06,4.452051e-05,18.334075081341215,4.55553486283585
TUR,1966-01-01,8.863104e-06,4.829229e-05,16.91936457715933,8.472005374601492
TUR,1967-01-01,1.013811e-05,5.504109e-05,14.385547095013218,13.974901583668958
TUR,1968-01-01,1.160256e-05,5.836901e-05,14.44500010356961,6.046246540539066
TUR,1969-01-01,1.350949e-05,6.124321e-05,16.435424595951233,4.924188366395113
TUR,1970-01-01,1.520178e-05,6.609609e-05,12.526675692420664,7.923947813969921
TUR,1971-01-01,1.884973e-05,7.866188e-05,23.99686089392163,19.0113968920098
TUR,1972-01-01,2.347031e-05,9.078876e-05,24.51271185316713,15.41646347633694
TUR,1973-01-01,2.990022e-05,0.000103443,27.395931285100207,13.938113043949501
TUR,1974-01-01,3.889092e-05,0.000128164,30.069009525682414,23.898185474125842
TUR,1975-01-01,5.018771e-05,0.0001553699,29.04737146871301,21.227411753690575
TUR,1976-01-01,6.467768e-05,0.0001824908,28.871550425392982,17.45569766087254
TUR,1977-01-01,8.775838e-05,0.0002299116,35.68572651338143,25.985309944391723
TUR,1978-01-01,0.0001184843,0.0003722201,35.01194985595679,61.89705086650696
TUR,1979-01-01,0.0001789539,0.0006087403,51.03596003858737,63.54310258903266
TUR,1980-01-01,0.0002870433,0.001182544,60.400695374618834,94.2608366819151
TUR,1981-01-01,0.0004011992,0.001627355,39.76957483418007,37.614752601171716
TUR,1982-01-01,0.0005176144,0.002101526,29.016807610782884,29.13752684570974
TUR,1983-01-01,0.0007379312,0.002761201,42.56388539422396,31.390284964354482
TUR,1984-01-01,0.0009120039,0.004097411,23.589285830440556,48.39234811228881
TUR,1985-01-01,0.001261683,0.005939677,38.34184261712039,44.96170874730411
TUR,1986-01-01,0.001788875,0.007995404,41.78482233651401,34.610080649166605
TUR,1987-01-01,0.002829532,0.01110209,58.17382433093424,38.85589771323627
TUR,1988-01-01,0.00419101,0.01874139,48.116720362236585,68.80956648703082
TUR,1989-01-01,0.006766207,0.03059955,61.4457374236759,63.272574766332696
TUR,1990-01-01,0.01177491,0.04905226,74.0252699924788,60.303860677689705
TUR,1991-01-01,0.01721686,0.08141624,46.216489128154706,65.97857061020225
TUR,1992-01-01,0.02685134,0.1384696,55.95956521688624,70.07614205716206
TUR,1993-01-01,0.0480776,0.2299894,79.05102687612609,66.09378520628356
TUR,1994-01-01,0.08164017,0.4719728,69.80916268698937,105.21502295323177
TUR,1995-01-01,0.1566054,0.8925634,91.82395137099789,89.11331330958053
TUR,1996-01-01,0.27572,1.610293,76.0603401926115,80.4121701606855
TUR,1997-01-01,0.5627907,2.98982,104.11674887567094,85.6693160809865
TUR,1998-01-01,0.9836258,5.520444,74.77648440175007,84.64134964646703
TUR,1999-01-01,1.549291,9.101418,57.50817028182872,64.86749978806053
TUR,2000-01-01,2.946324,14.0995,90.17240789496616,54.91542087178063
TUR,2001-01-01,4.744284,21.76965,61.02383851877798,54.400156033901894
TUR,2002-01-01,6.558949,31.55818,38.2495019269504,44.964112881925075
TUR,2003-01-01,8.993633,38.37551,37.120032493010704,21.6024181369141
TUR,2004-01-01,13.14386,41.67514,46.146279262229164,8.598270094651513
TUR,2005-01-01,17.01095,45.08382,29.421265899058582,8.179168684256378
TUR,2006-01-01,22.57713,49.41062,32.72115901816183,9.597234662013996
TUR,2007-01-01,24.32895,53.7371,7.7592678963180814,8.75617427994224
TUR,2008-01-01,27.92731,59.34948,14.790445128129244,10.444143803815244
TUR,2009-01-01,32.2896,63.0594,15.620158189242007,6.250973049805991
TUR,2010-01-01,39.84972,68.46135,23.41348297903968,8.566446873899846
TUR,2011-01-01,50.6046,72.89208,26.988596155757183,6.471870624812411
TUR,2012-01-01,56.08287,79.37334,10.825636404595635,8.891583283122104
TUR,2013-01-01,68.725,85.32085,22.541874194384125,7.493082689981288
TUR,2014-01-01,82.31949,92.87565,19.780996726082225,8.854576577706387
TUR,2015-01-01,100.0,100.0,21.477914889900312,7.670848064051241
TUR,2016-01-01,116.9336,107.7751,16.9336,7.775099999999996
TUR,2017-01-01,145.1822,119.7859,24.157812638967755,11.144318121718285
TUR,2018-01-01,170.6467,139.3499,17.53968461698474,16.33247318757883
USA,1960-01-01,4.643153,12.47801,-0.07715089596185908,1.45795897127338
USA,1961-01-01,4.733881,12.61161,1.9540170224845135,1.0706835464950042
USA,1962-01-01,4.847775,12.7628,2.4059328910042344,1.1988160115956623
USA,1963-01-01,4.995588,12.92101,3.049089530764099,1.2396182655843577
USA,1964-01-01,5.187248,13.08626,3.836585402959584,1.278924789935141
USA,1965-01-01,5.407865,13.2937,4.253064438021854,1.585174068068341
USA,1966-01-01,5.657713,13.69452,4.620085745483663,3.015112421673434
USA,1967-01-01,5.880536,14.07424,3.938393481606437,2.772787947295699
USA,1968-01-01,6.290056,14.67546,6.963991037551674,4.271775953799279
USA,1969-01-01,6.664552,15.47709,5.95377847192457,5.4623841433249885
USA,1970-01-01,6.919364,16.38068,3.8233927801898804,5.838242201860952
USA,1971-01-01,7.383763,17.08387,6.711585053192754,4.292801031459007
USA,1972-01-01,7.909933,17.6429,7.1260412881616,3.272267934607322
USA,1973-01-01,8.481882,18.73283,7.230769211319501,6.177725884066672
USA,1974-01-01,8.906569,20.80371,5.0069901939215695,11.054816597385441
USA,1975-01-01,9.309746,22.70583,4.526737512503426,9.143176866049373
USA,1976-01-01,9.834813,24.01023,5.639971273115291,5.7447800851147095
USA,1977-01-01,10.58574,25.5713,7.635396829609255,6.501686989254167
USA,1978-01-01,11.45497,27.52264,8.211329581115727,7.630976915526385
USA,1979-01-01,12.32888,30.62017,7.629090255146897,11.25447994814452
USA,1980-01-01,13.09415,34.76896,6.2071331702474275,13.549206291147298
USA,1981-01-01,14.06321,38.36223,7.400709477132909,10.33470658886546
USA,1982-01-01,14.99007,40.71438,6.590671688753845,6.131421452819614
USA,1983-01-01,16.65104,42.0223,11.080468603548876,3.2124276484131724
USA,1984-01-01,17.825,43.82949,7.0503704273126555,4.300549946100043
USA,1985-01-01,19.42364,45.38352,8.96852734922861,3.54562647203971
USA,1986-01-01,22.04815,46.24493,13.511937000479833,1.8980678448917128
USA,1987-01-01,24.6062,47.9396,11.60210720627355,3.6645530656009258
USA,1988-01-01,25.63869,49.89445,4.1960562784989115,4.077735316940484
USA,1989-01-01,25.88329,52.30286,0.9540269023105251,4.827009817725225
USA,1990-01-01,26.82367,55.12614,3.6331548269172935,5.397945733751456
USA,1991-01-01,28.4259,57.46072,5.973194570317927,4.234978179136073
USA,1992-01-01,31.96266,59.2011,12.442033497620132,3.0288169030948353
USA,1993-01-01,35.68667,60.94851,11.651126658419543,2.9516512362101417
USA,1994-01-01,37.89808,62.53771,6.196739566902714,2.6074468432452216
USA,1995-01-01,37.825,64.29215,-0.1928329878452876,2.805411327021744
USA,1996-01-01,36.62732,66.17669,-3.1663714474554006,2.931213219654323
USA,1997-01-01,35.41669,67.72369,-3.305265031675795,2.337681138177221
USA,1998-01-01,35.7603,68.77496,0.9701923019909489,1.552292853505159
USA,1999-01-01,36.47786,70.27977,2.0065827188250625,2.188020174784553
USA,2000-01-01,36.52419,72.65302,0.12700854710226298,3.37686079507659
USA,2001-01-01,37.73344,74.70631,3.3108194870303884,2.8261591878768484
USA,2002-01-01,39.60123,75.89118,4.9499595054148235,1.5860373775655678
USA,2003-01-01,42.16204,77.61398,6.466491066060313,2.270092519315146
USA,2004-01-01,44.49562,79.69189,5.534789113619752,2.6772367555432703
USA,2005-01-01,45.40814,82.39564,2.0508085964416285,3.3927542689726637
USA,2006-01-01,45.50769,85.05367,0.219233820191696,3.2259352557975114
USA,2007-01-01,45.43792,87.47998,-0.15331474746355692,2.8526811365106304
USA,2008-01-01,47.4789,90.83842,4.491798920373126,3.8390955279139316
USA,2009-01-01,54.21019,90.51545,14.177434607794186,-0.3555433923223213
USA,2010-01-01,57.6678,91.99994,6.378155103311762,1.6400404571816125
USA,2011-01-01,66.5308,94.90424,15.369062110918051,3.156849884902106
USA,2012-01-01,76.6254,96.86812,15.172822211667379,2.069327987874939
USA,2013-01-01,84.37675,98.28708,10.115901515685403,1.4648369349998724
USA,2014-01-01,93.16033,99.88152,10.409952978753035,1.6222274585835612
USA,2015-01-01,100.0,100.0,7.341826719591911,0.11862054161771392
USA,2016-01-01,107.5112,101.2616,7.511200000000002,1.2616000000000014
USA,2017-01-01,116.6257,103.4186,8.47772139088764,2.130126326267802
USA,2018-01-01,121.7922,105.9446,4.429984128712624,2.4425006720261115
USA,2019-01-01,127.2114,107.8646,4.449546030041335,1.812267921158796
USA,2020-01-01,423.617,109.1952,233.00238815074755,1.2335835853468182
ZAF,1967-01-01,0.1294703,1.62968,4.754434070882033,3.5389970755608284
ZAF,1968-01-01,0.1440864,1.662047,11.28915280183949,1.9860954297776272
ZAF,1969-01-01,0.1648,1.715868,14.3758189530726,3.238235741829196
ZAF,1970-01-01,0.1765048,1.801522,7.102427184466011,4.991875831940459
ZAF,1971-01-01,0.1809203,1.908847,2.501631683670935,5.957462634372486
ZAF,1972-01-01,0.2007471,2.031503,10.958858679761201,6.425659049677627
ZAF,1973-01-01,0.2269107,2.223155,13.033114799665837,9.434000343587993
ZAF,1974-01-01,0.2730164,2.4838,20.31887434131577,11.724103807426824
ZAF,1975-01-01,0.3097356,2.817274,13.449448458041353,13.425960222240107
ZAF,1976-01-01,0.330122,3.127749,6.581871764175648,11.020404831053007
ZAF,1977-01-01,0.3441051,3.476554,4.235737091135995,11.15194985275353
ZAF,1978-01-01,0.3723446,3.86369,8.206649654422451,11.135624529347162
ZAF,1979-01-01,0.4257441,4.377315,14.341419212202887,13.293638982423545
ZAF,1980-01-01,0.5449797,4.975267,28.00640102822328,13.660246064082648
ZAF,1981-01-01,0.7359701,5.734206,35.04541545308936,15.254236606799209
ZAF,1982-01-01,0.8929461,6.573638,21.32912736536444,14.639027617773053
ZAF,1983-01-01,1.139823,7.382407,27.647458228441792,12.303217792035396
ZAF,1984-01-01,1.588671,8.233338,39.3787456473505,11.526470973491438
ZAF,1985-01-01,1.833611,9.574898,15.417918499173217,16.294241776543117
ZAF,1986-01-01,1.755147,11.36109,-4.279206440188245,18.654945462604424
ZAF,1987-01-01,2.153156,13.19711,22.67667608468123,16.160597266635502
ZAF,1988-01-01,2.834757,14.88364,31.655904170436333,12.779540369065646
ZAF,1989-01-01,3.274008,17.07613,15.495190593056108,14.730872286618055
ZAF,1990-01-01,3.703084,19.5216,13.105526926018515,14.320984907001764
ZAF,1991-01-01,4.32522,22.51519,16.800483056825062,15.334757396934682
ZAF,1992-01-01,4.920838,25.63911,13.770813970156432,13.874721909963887
ZAF,1993-01-01,5.331866,28.13057,8.352804949075747,9.717419988447338
ZAF,1994-01-01,6.59801,30.64504,23.74673332000468,8.938567544134381
ZAF,1995-01-01,7.340057,33.30516,11.24652736203794,8.680425935159489
ZAF,1996-01-01,9.979598,35.75446,35.96076978693761,7.3541156985884495
ZAF,1997-01-01,12.43057,38.82855,24.559826958961676,8.597780528638939
ZAF,1998-01-01,15.51344,41.50017,24.800713080735637,6.880555673595839
ZAF,1999-01-01,17.70853,43.65049,14.14960189358389,5.181472750593554
ZAF,2000-01-01,19.85736,45.98097,12.134434648161086,5.338954957893947
ZAF,2001-01-01,21.76143,48.60276,9.588736871366592,5.7019023304641125
ZAF,2002-01-01,25.93628,53.21745,19.184630789428816,9.494707707957318
ZAF,2003-01-01,26.47052,56.23989,2.059817367795229,5.679415304566459
ZAF,2004-01-01,30.54467,55.8507,15.391273008614865,-0.6920177119834324
ZAF,2005-01-01,34.90224,57.00282,14.266220587749022,2.062856866610439
ZAF,2006-01-01,42.08773,58.85193,20.587475187838955,3.2438921442833935
ZAF,2007-01-01,50.4768,62.48769,19.93234132608244,6.177809291895776
ZAF,2008-01-01,56.62848,68.771,12.187143400532534,10.055276487256931
ZAF,2009-01-01,57.29804,73.76691,1.1823732510567069,7.264559189193112
ZAF,2010-01-01,62.48472,76.76447,9.052107192497338,4.06355641032003
ZAF,2011-01-01,67.44759,80.61586,7.942533790661145,5.017151815156145
ZAF,2012-01-01,73.68642,85.23026,9.249893139250776,5.723935711905825
ZAF,2013-01-01,81.85352,90.15351,11.083589079236045,5.776410866281525
ZAF,2014-01-01,91.02569,95.68535,11.20559018109422,6.136022879197939
ZAF,2015-01-01,100.0,100.0,9.859095822289293,4.509206477271599
ZAF,2016-01-01,111.396,106.5946,11.396,6.594600000000001
ZAF,2017-01-01,122.504,112.1174,9.971632733670871,5.1811254979145325
ZAF,2018-01-01,128.0623,117.1678,4.5372396003395705,4.504563965985651
